LSOA11CD,total_population,imd_score,imd_decile,income_score,health_score,crime_score
E01000001,1296,6.208,9,0.007,-1.654,-2.012
E01000002,1156,5.143,10,0.034,-1.115,-2.343
E01000003,1350,19.402,5,0.086,-0.102,-1.032
E01000005,1121,28.652,3,0.211,-0.121,-1.317
E01000006,2040,19.837,5,0.117,-0.359,-0.147
E01000007,2101,31.576,3,0.207,-0.027,0.846
E01000008,1566,37.596,2,0.265,0.25,0.353
E01000009,1775,32.844,3,0.187,0.454,0.895
E01000010,3195,32.437,3,0.169,-0.002,1.214
E01000011,1670,30.679,3,0.167,-0.137,0.526
E01000012,2023,34.714,2,0.239,-0.056,0.542
E01000013,1747,38.997,2,0.213,0.67,1.199
E01000014,1669,35.67,2,0.201,0.35,0.825
E01000015,2372,33.632,2,0.216,0.025,0.372
E01000016,1750,32.839,3,0.199,0.373,0.528
E01000017,1516,39.004,2,0.25,0.694,0.317
E01000018,1791,33.406,2,0.212,0.273,0.457
E01000019,1498,33.62,2,0.194,0.477,0.645
E01000020,1947,36.035,2,0.216,0.76,0.651
E01000021,1682,38.888,2,0.23,0.418,0.559
E01000022,1372,34.413,2,0.195,0.427,0.506
E01000023,2791,36.877,2,0.228,0.033,1.286
E01000024,1535,29.339,3,0.155,0.263,0.244
E01000025,1637,36.702,2,0.219,0.395,0.837
E01000027,1858,37.347,2,0.216,0.148,1.042
E01000028,1629,40.078,2,0.26,1.138,-0.111
E01000029,1737,22.503,4,0.113,-0.28,0.35
E01000030,2155,38.415,2,0.264,0.016,0.499
E01000031,1716,22.672,4,0.126,0.046,0.919
E01000032,1755,29.958,3,0.146,0.095,0.913
E01000033,1520,37.978,2,0.257,0.278,0.162
E01000034,1502,35.895,2,0.216,0.661,0.302
E01000035,1799,26.175,4,0.15,0.397,0.242
E01000036,1493,19.27,5,0.112,-0.185,0.386
E01000037,1931,17.988,5,0.096,-0.504,-0.067
E01000038,1446,19.646,5,0.127,-0.103,0.204
E01000039,1657,22.288,4,0.127,0.173,0.092
E01000040,1711,34.608,2,0.218,0.155,0.607
E01000041,1755,33.173,3,0.172,0.349,0.432
E01000042,1986,41.573,2,0.263,0.526,0.263
E01000043,1516,28.075,3,0.147,0.044,0.574
E01000044,1895,28.389,3,0.133,-0.41,1.077
E01000045,1710,35.688,2,0.188,0.279,1.214
E01000046,1963,29.763,3,0.17,0.222,-0.026
E01000048,1757,44.704,1,0.341,0.495,0.246
E01000049,1923,41.172,2,0.29,0.409,0.376
E01000050,1933,34.701,2,0.176,0.61,0.74
E01000051,1144,36.941,2,0.234,0.391,0.859
E01000052,2134,33.284,2,0.188,-0.153,0.335
E01000053,1670,40.044,2,0.229,0.701,1.217
E01000054,1831,29.788,3,0.18,0.198,0.514
E01000055,1684,30.898,3,0.211,0.126,0.047
E01000056,1666,35.903,2,0.197,0.455,0.485
E01000057,1557,32.887,3,0.196,0.097,0.644
E01000058,2022,31.763,3,0.199,0.147,0.358
E01000059,1635,32.331,3,0.176,0.136,0.414
E01000060,1955,36.154,2,0.202,0.282,1.109
E01000061,1854,46.283,1,0.303,1.013,0.145
E01000062,2228,26.669,3,0.143,-0.143,0.558
E01000063,1793,33.371,2,0.181,0.286,0.342
E01000064,2107,35.283,2,0.208,0.39,0.212
E01000065,1692,39.89,2,0.228,0.817,0.324
E01000066,2132,25.763,4,0.147,0.054,-0.273
E01000067,2149,20.973,5,0.132,-0.388,0.381
E01000068,1523,25.603,4,0.123,0.167,0.946
E01000069,1882,16.375,6,0.087,-0.626,0.032
E01000070,2154,21.038,5,0.11,-0.442,0.84
E01000071,2541,18.848,5,0.13,-0.261,-0.155
E01000072,2112,41.016,2,0.241,0.478,1.197
E01000073,1780,38.757,2,0.209,0.57,1.346
E01000074,1610,35.044,2,0.234,0.461,0.005
E01000075,1777,36.999,2,0.196,0.136,1.057
E01000076,2047,36.246,2,0.208,0.097,0.287
E01000077,1487,41.032,2,0.251,0.725,0.487
E01000078,1826,35.033,2,0.228,0.035,0.467
E01000079,1662,34.522,2,0.227,0.045,0.253
E01000080,1651,33.185,3,0.19,0.445,0.145
E01000081,1831,30.608,3,0.162,0.225,0.192
E01000082,1953,27.895,3,0.158,-0.111,-0.221
E01000083,1888,34.377,2,0.196,0.361,0.434
E01000084,1355,39.815,2,0.229,0.338,1.309
E01000085,1829,35.154,2,0.189,-0.227,1.036
E01000086,1383,38.156,2,0.218,0.89,0.868
E01000087,1447,34.357,2,0.226,0.046,0.135
E01000088,2060,28.849,3,0.147,0.264,0.552
E01000089,1879,28.968,3,0.156,-0.154,0.189
E01000090,1683,28.317,3,0.169,-0.187,0.7
E01000091,2081,42.183,2,0.256,0.324,0.994
E01000092,4485,33.768,2,0.215,-0.008,0.657
E01000093,1719,46.922,1,0.26,0.842,1.073
E01000094,2120,28.182,3,0.167,-0.036,0.524
E01000095,1871,32.254,3,0.196,-0.111,0.944
E01000096,1667,40.926,2,0.259,0.008,1.284
E01000097,1815,38.009,2,0.223,0.808,0.468
E01000098,1814,39.405,2,0.239,0.443,0.911
E01000099,2258,29.266,3,0.174,0.214,0.008
E01000100,1744,31.83,3,0.16,0.106,0.634
E01000101,1545,40.463,2,0.254,0.464,0.832
E01000102,1441,42.631,2,0.275,0.684,0.762
E01000103,1500,32.894,3,0.18,0.427,0.58
E01000104,1811,34.672,2,0.222,0.276,0.131
E01000105,2314,44.149,1,0.246,0.932,1.039
E01000106,2159,43.523,2,0.275,0.636,0.786
E01000107,1719,28.332,3,0.151,0.579,-0.027
E01000108,1750,28.166,3,0.171,0.158,0.183
E01000109,1871,25.691,4,0.12,-0.199,0.891
E01000110,1491,17.741,5,0.112,-0.002,-0.312
E01000111,1997,28.903,3,0.174,0.187,0.313
E01000112,2058,24.743,4,0.129,-0.324,0.602
E01000113,1703,25.268,4,0.152,-0.122,0.708
E01000114,2290,23.288,4,0.119,-0.117,0.423
E01000115,1375,6.227,9,0.055,-1.526,-0.545
E01000116,1737,7.79,9,0.074,-1.412,-0.43
E01000117,1842,9.642,8,0.071,-1.141,-0.168
E01000118,2134,9.812,8,0.077,-1.679,-0.206
E01000119,1702,11.589,7,0.078,-1.884,0.627
E01000120,1435,5.902,10,0.061,-1.58,-0.568
E01000121,1498,36.203,2,0.262,0.261,0.336
E01000122,1462,10.152,8,0.071,-1.246,-0.622
E01000123,1761,11.048,8,0.075,-1.062,-0.684
E01000124,1696,23.589,4,0.166,-0.593,0.491
E01000125,3196,26.704,3,0.179,-0.615,0.586
E01000126,2338,33.625,2,0.243,-0.077,-0.164
E01000127,1546,27.543,3,0.193,-0.495,0.424
E01000128,1921,27.055,3,0.171,-0.346,0.957
E01000129,1812,31.0,3,0.214,-0.148,1.004
E01000130,1771,30.863,3,0.185,-0.331,0.839
E01000131,1819,20.904,5,0.116,-0.802,1.133
E01000132,1557,25.53,4,0.187,-0.464,0.309
E01000133,1674,30.774,3,0.188,-0.059,0.065
E01000134,1743,24.669,4,0.184,-0.579,-0.195
E01000135,1616,12.523,7,0.076,-1.087,0.385
E01000136,1559,8.96,8,0.037,-1.93,0.188
E01000137,1756,28.786,3,0.235,0.077,0.348
E01000138,1492,27.86,3,0.178,-0.547,1.066
E01000139,1532,12.388,7,0.082,-1.326,0.61
E01000140,1836,16.817,6,0.118,-0.914,-0.026
E01000141,2273,28.797,3,0.149,-0.736,1.518
E01000142,2563,16.669,6,0.126,-0.676,-0.373
E01000143,1467,31.342,3,0.239,-0.081,0.763
E01000144,1763,18.338,5,0.102,-0.906,0.717
E01000145,1652,14.626,6,0.088,-1.5,0.196
E01000146,1814,18.538,5,0.103,-1.542,0.638
E01000147,1876,12.786,7,0.078,-1.99,0.336
E01000148,2649,27.671,3,0.186,-0.042,0.009
E01000150,2246,15.583,6,0.106,-1.385,-0.033
E01000151,1747,38.897,2,0.332,-0.203,0.085
E01000152,1764,32.418,3,0.265,-0.552,0.049
E01000153,1867,41.649,2,0.276,-0.047,0.872
E01000154,1345,32.667,3,0.201,0.007,0.827
E01000155,3602,20.797,5,0.135,-1.303,-0.128
E01000156,2097,8.319,9,0.075,-0.991,-0.158
E01000157,1600,12.655,7,0.089,-1.084,-0.281
E01000158,1588,19.721,5,0.13,-0.598,0.561
E01000159,1828,16.257,6,0.112,-1.287,0.561
E01000160,1978,12.121,7,0.07,-1.028,0.463
E01000161,2407,14.513,6,0.109,-0.524,0.612
E01000162,1683,18.504,5,0.117,-0.479,0.481
E01000163,1709,28.541,3,0.2,0.036,0.26
E01000164,1858,25.331,4,0.172,-0.666,0.841
E01000165,1892,13.258,7,0.099,-1.29,0.198
E01000166,1640,14.861,6,0.105,-0.922,0.276
E01000167,1361,28.35,3,0.199,0.166,0.516
E01000168,1614,6.975,9,0.05,-1.486,-0.095
E01000169,1602,13.226,7,0.086,-1.209,0.466
E01000170,1707,20.384,5,0.147,-0.625,0.536
E01000171,1999,24.261,4,0.196,-0.164,0.288
E01000172,1707,8.421,9,0.075,-1.613,-0.743
E01000173,1790,9.709,8,0.081,-1.13,-0.085
E01000174,1875,16.271,6,0.128,-0.672,-0.248
E01000175,1568,7.614,9,0.052,-1.45,0.185
E01000176,1651,30.549,3,0.233,-0.459,0.377
E01000177,1746,8.263,9,0.055,-1.826,0.031
E01000178,1817,8.055,9,0.058,-1.31,-0.15
E01000179,1754,8.467,9,0.064,-0.712,-0.087
E01000180,1718,14.555,6,0.13,-1.044,-0.257
E01000181,1746,8.204,9,0.058,-1.634,0.07
E01000182,1919,8.01,9,0.04,-1.738,-0.177
E01000183,1502,10.613,8,0.085,-0.676,-0.504
E01000184,1645,31.921,3,0.212,-0.186,0.303
E01000185,1547,25.824,4,0.239,-0.208,-0.438
E01000186,1680,5.195,10,0.044,-1.988,-0.699
E01000187,1766,13.015,7,0.118,-0.599,-0.561
E01000188,1581,8.028,9,0.032,-2.011,0.509
E01000189,1481,24.526,4,0.149,-0.871,-0.444
E01000190,1645,10.149,8,0.091,-1.301,-0.437
E01000191,1559,6.834,9,0.055,-1.605,-0.547
E01000192,2022,15.472,6,0.105,-1.035,0.535
E01000193,1910,16.117,6,0.09,-1.393,0.546
E01000194,1839,19.392,5,0.114,-1.007,0.884
E01000195,2007,26.999,3,0.177,-0.58,0.143
E01000196,2008,12.284,7,0.093,-1.183,-0.675
E01000197,1889,12.516,7,0.086,-1.585,0.035
E01000198,2065,11.841,7,0.087,-1.852,-0.606
E01000199,1636,7.222,9,0.056,-2.149,-0.138
E01000200,1940,9.566,8,0.081,-1.812,0.008
E01000201,1582,7.184,9,0.041,-1.855,-0.066
E01000202,1766,6.735,9,0.053,-1.941,-0.497
E01000203,1824,15.523,6,0.114,-1.173,-0.564
E01000204,1737,10.063,8,0.068,-1.795,0.3
E01000205,1610,7.725,9,0.053,-1.993,0.215
E01000206,1538,9.118,8,0.013,-2.703,0.147
E01000207,1572,6.585,9,0.042,-2.053,-0.487
E01000208,1644,6.612,9,0.028,-2.453,0.17
E01000209,1502,7.058,9,0.048,-1.562,-0.013
E01000210,1571,8.197,9,0.058,-1.85,0.359
E01000211,2240,14.568,6,0.112,-0.835,-0.369
E01000212,1489,10.294,8,0.063,-1.669,-0.219
E01000213,1405,7.583,9,0.028,-2.218,-0.45
E01000214,1760,10.503,8,0.046,-2.082,0.283
E01000215,2222,13.565,7,0.103,-0.575,-0.456
E01000216,2082,10.017,8,0.071,-1.305,-0.268
E01000217,1830,10.826,8,0.066,-1.212,-0.342
E01000218,1946,15.33,6,0.104,-0.755,0.132
E01000219,1982,19.87,5,0.097,-0.764,0.403
E01000220,2075,17.109,6,0.117,-0.48,-0.403
E01000221,1372,45.842,1,0.28,0.346,1.127
E01000222,1733,27.098,3,0.163,-0.287,0.729
E01000223,1381,35.812,2,0.225,-0.005,0.888
E01000224,1653,19.679,5,0.152,-0.928,-0.054
E01000225,1979,10.981,8,0.066,-1.052,-0.009
E01000226,1792,31.658,3,0.224,0.373,-0.171
E01000227,1944,9.965,8,0.082,-1.687,-0.601
E01000228,1518,12.492,7,0.079,-1.232,0.618
E01000229,1767,21.609,4,0.135,-0.868,0.071
E01000230,1867,7.886,9,0.071,-1.463,-0.336
E01000231,2003,17.628,6,0.103,-1.112,0.156
E01000232,1983,14.534,6,0.114,-0.843,0.019
E01000233,1884,8.853,8,0.069,-1.829,-0.162
E01000234,1819,8.657,8,0.067,-1.185,-0.259
E01000235,1816,23.347,4,0.164,-0.622,0.481
E01000236,1956,10.572,8,0.079,-1.135,-0.545
E01000237,2138,9.545,8,0.055,-1.722,0.266
E01000238,2035,14.457,6,0.096,-1.429,-0.19
E01000239,2018,21.568,4,0.137,-0.872,-0.006
E01000240,1751,19.599,5,0.118,-1.108,0.071
E01000241,1794,10.706,8,0.071,-1.771,-0.181
E01000242,1722,19.154,5,0.125,-0.959,0.287
E01000243,1891,14.093,7,0.084,-0.996,0.105
E01000244,1680,15.649,6,0.076,-1.024,0.292
E01000245,2173,24.116,4,0.168,-0.366,0.449
E01000246,1546,10.621,8,0.048,-1.472,0.498
E01000247,1764,10.138,8,0.077,-1.249,-0.555
E01000248,1779,7.296,9,0.046,-1.413,0.52
E01000249,1522,5.863,10,0.026,-1.947,0.087
E01000250,2660,13.03,7,0.107,-1.451,0.064
E01000251,2030,18.853,5,0.144,-0.578,0.114
E01000252,1719,13.376,7,0.099,-1.04,0.165
E01000253,1648,9.449,8,0.043,-0.861,0.187
E01000254,1596,7.764,9,0.04,-1.332,-0.121
E01000255,1400,18.729,5,0.149,-1.007,0.195
E01000256,1887,10.628,8,0.079,-1.523,0.014
E01000257,1868,25.001,4,0.168,-0.383,0.252
E01000258,1767,9.156,8,0.058,-1.215,0.361
E01000259,2721,13.364,7,0.095,-1.594,0.318
E01000260,2064,19.85,5,0.11,-0.992,0.203
E01000261,1681,7.628,9,0.046,-1.964,-0.944
E01000262,2455,11.643,7,0.094,-1.535,-0.404
E01000263,1575,5.865,10,0.024,-2.094,-0.311
E01000264,1816,16.482,6,0.116,-1.209,0.195
E01000265,2006,15.103,6,0.126,-0.774,-0.357
E01000266,1508,8.023,9,0.045,-1.594,0.572
E01000267,1538,12.75,7,0.086,-1.07,-0.628
E01000268,1980,15.262,6,0.148,-1.026,-0.132
E01000269,1481,10.434,8,0.067,-1.522,0.173
E01000270,1517,11.98,7,0.087,-1.613,0.109
E01000271,1580,6.648,9,0.041,-1.838,-0.499
E01000272,1322,4.839,10,0.03,-1.587,-0.007
E01000273,1547,14.148,7,0.121,-0.964,-0.127
E01000274,1955,15.582,6,0.126,-0.901,-0.061
E01000275,1717,13.504,7,0.118,-0.996,-0.842
E01000276,1494,4.061,10,0.027,-2.082,-1.275
E01000277,1918,18.23,5,0.144,-0.769,-0.957
E01000278,1511,5.525,10,0.033,-1.831,-1.202
E01000279,1511,8.956,8,0.017,-2.378,0.538
E01000280,1364,3.958,10,0.023,-2.161,-0.63
E01000281,976,10.933,8,0.081,-0.996,-0.177
E01000282,1814,8.582,9,0.057,-1.781,0.194
E01000283,1405,4.647,10,0.03,-2.208,-0.928
E01000284,1767,15.477,6,0.136,-0.698,-0.094
E01000285,1382,15.134,6,0.105,-0.706,0.22
E01000286,1670,23.897,4,0.17,-0.444,0.64
E01000287,1667,22.723,4,0.16,-0.404,0.314
E01000288,1641,13.041,7,0.091,-1.187,0.101
E01000289,1907,38.33,2,0.249,-0.327,0.693
E01000290,1614,19.937,5,0.12,-0.714,0.486
E01000291,1647,32.936,3,0.23,-0.267,0.721
E01000292,1571,11.315,7,0.079,-1.209,0.185
E01000293,1787,7.608,9,0.06,-1.409,0.092
E01000294,1827,12.242,7,0.093,-0.295,-1.003
E01000295,1731,13.306,7,0.06,-1.255,0.492
E01000296,1790,12.11,7,0.085,-1.184,0.231
E01000297,1551,9.009,8,0.074,-1.322,-0.395
E01000298,1932,11.827,7,0.094,-1.449,0.331
E01000299,1991,17.004,6,0.119,-0.639,0.409
E01000300,1689,12.253,7,0.097,-0.681,-0.181
E01000301,1520,7.059,9,0.048,-1.613,-0.26
E01000302,2119,15.595,6,0.129,-0.724,-0.287
E01000303,1663,6.805,9,0.05,-1.639,-0.581
E01000304,1672,13.531,7,0.087,-0.637,-0.642
E01000305,1850,27.857,3,0.164,-0.648,0.481
E01000306,1677,14.045,7,0.075,-0.947,0.156
E01000307,1640,23.325,4,0.147,-1.017,0.834
E01000308,1706,31.832,3,0.204,-0.535,1.036
E01000309,1889,13.899,7,0.09,-1.603,-0.061
E01000310,2093,19.223,5,0.108,-0.751,0.28
E01000311,1745,11.072,8,0.043,-1.843,0.539
E01000312,1766,24.927,4,0.151,-0.25,-0.218
E01000313,2149,19.932,5,0.115,-0.586,0.188
E01000314,1985,10.677,8,0.055,-1.415,0.599
E01000315,1768,32.727,3,0.239,-0.325,0.821
E01000316,2475,19.874,5,0.138,-1.038,0.761
E01000317,1655,10.85,8,0.098,-1.149,-0.216
E01000318,1903,14.711,6,0.12,-1.163,0.621
E01000319,1601,9.915,8,0.076,-1.324,0.193
E01000320,1581,8.719,8,0.077,-1.78,-0.389
E01000321,1766,14.405,6,0.104,-1.081,-0.071
E01000322,1844,14.866,6,0.124,-1.241,-0.254
E01000323,2269,18.834,5,0.118,-0.482,0.644
E01000324,1895,13.755,7,0.094,-0.569,0.198
E01000325,1630,5.875,10,0.039,-1.385,-0.419
E01000326,1326,11.973,7,0.053,-1.095,-0.091
E01000327,1590,7.68,9,0.043,-0.737,-0.238
E01000328,1506,11.404,7,0.05,-0.693,0.714
E01000329,1479,15.875,6,0.097,-0.916,0.401
E01000330,1618,17.867,5,0.112,-0.107,-0.24
E01000331,1611,28.281,3,0.151,-0.004,0.312
E01000332,1631,16.091,6,0.106,-0.815,0.407
E01000333,1836,25.871,4,0.167,0.056,0.197
E01000334,1636,12.987,7,0.08,-0.772,-0.315
E01000335,2225,31.73,3,0.16,-0.457,0.732
E01000336,2062,31.362,3,0.222,-0.129,0.386
E01000337,1743,19.57,5,0.165,-0.715,0.035
E01000338,1979,18.89,5,0.123,-0.261,0.267
E01000339,1561,16.3,6,0.109,-0.302,-0.154
E01000340,1524,12.831,7,0.074,-0.481,-0.614
E01000341,1561,8.884,8,0.062,-0.807,-0.623
E01000342,1621,8.918,8,0.035,-1.001,-0.158
E01000343,1587,8.347,9,0.055,-0.922,-0.474
E01000344,1559,6.105,9,0.034,-0.703,-0.513
E01000345,1351,6.252,9,0.041,-0.778,-0.71
E01000346,1685,9.662,8,0.053,-0.759,-0.023
E01000347,1482,11.175,8,0.077,-0.584,-0.483
E01000348,1520,4.979,10,0.02,-1.292,-0.66
E01000349,1654,7.459,9,0.048,-1.158,-0.813
E01000350,1514,7.89,9,0.046,-0.832,-0.577
E01000351,1614,7.587,9,0.05,-1.138,-0.687
E01000352,1697,14.763,6,0.099,-0.728,-0.116
E01000353,1691,5.202,10,0.046,-1.378,-0.353
E01000354,1510,21.316,5,0.143,-0.054,-0.667
E01000355,1630,8.189,9,0.039,-0.741,-0.346
E01000356,1654,7.94,9,0.052,-0.915,-0.507
E01000357,1467,4.079,10,0.02,-1.286,-0.704
E01000358,1683,6.15,9,0.046,-1.075,-0.75
E01000359,1290,6.167,9,0.044,-1.244,-0.859
E01000360,1715,18.65,5,0.109,0.031,0.373
E01000361,1609,11.27,8,0.075,-0.882,-0.362
E01000362,1598,12.63,7,0.074,-0.903,0.499
E01000363,1516,9.306,8,0.057,-0.759,-0.454
E01000364,1607,12.692,7,0.073,-0.489,-0.486
E01000365,1772,14.39,6,0.092,-0.431,0.595
E01000366,1693,9.865,8,0.087,-0.838,-0.233
E01000367,1739,30.905,3,0.205,-0.195,0.237
E01000368,1583,33.932,2,0.237,-0.015,-0.146
E01000369,1639,14.638,6,0.098,-0.567,-0.226
E01000370,1628,11.364,7,0.074,-0.682,-0.706
E01000371,1632,8.174,9,0.053,-0.965,-0.624
E01000372,1661,29.915,3,0.197,0.357,-0.117
E01000373,614,29.344,3,0.135,0.174,0.578
E01000374,1610,42.38,2,0.241,0.69,0.056
E01000375,1898,18.295,5,0.112,-0.393,0.066
E01000376,1595,16.232,6,0.083,-0.26,0.727
E01000377,1502,12.286,7,0.064,-0.888,0.142
E01000378,2720,21.241,5,0.123,-0.211,0.181
E01000379,1775,18.601,5,0.122,-0.573,0.254
E01000380,1708,23.317,4,0.134,-0.259,-0.771
E01000381,1683,27.812,3,0.149,-0.036,-0.079
E01000382,1567,6.444,9,0.033,-1.105,-0.685
E01000383,1507,21.082,5,0.101,-0.35,0.989
E01000384,1745,12.076,7,0.096,-0.742,-0.253
E01000385,1979,32.32,3,0.22,0.563,0.219
E01000386,1537,41.618,2,0.253,0.897,0.336
E01000387,1582,12.348,7,0.066,-0.773,-0.156
E01000388,1523,10.762,8,0.07,-0.924,0.288
E01000389,1759,11.233,8,0.082,-1.107,0.066
E01000390,1282,10.167,8,0.056,-0.457,-0.085
E01000391,1722,13.901,7,0.085,-0.908,-0.304
E01000392,1877,22.909,4,0.154,-0.062,-0.219
E01000393,1668,9.166,8,0.046,-0.883,0.03
E01000394,1545,9.317,8,0.075,-0.63,-0.444
E01000395,1446,5.03,10,0.031,-0.966,-0.92
E01000396,1402,8.072,9,0.046,-0.554,-1.064
E01000398,1610,20.001,5,0.119,-0.448,-0.882
E01000399,1609,9.101,8,0.047,-1.177,-0.452
E01000400,1584,14.705,6,0.093,-0.656,-0.419
E01000401,1864,21.111,5,0.14,-0.017,-0.318
E01000402,1548,23.537,4,0.159,-0.249,0.336
E01000403,2194,29.529,3,0.198,-0.18,1.236
E01000404,2424,30.082,3,0.22,0.148,0.508
E01000405,1463,28.889,3,0.175,0.175,0.393
E01000406,1675,23.276,4,0.15,-0.179,0.633
E01000407,1563,14.648,6,0.096,-0.606,-0.239
E01000408,1804,23.784,4,0.18,-0.075,0.351
E01000409,1698,5.938,9,0.036,-1.249,-1.23
E01000410,1654,7.496,9,0.034,-0.804,-0.148
E01000411,1428,9.621,8,0.055,-0.831,-0.407
E01000412,1828,8.605,9,0.037,-0.87,-0.567
E01000413,1370,10.974,8,0.061,-0.845,-0.133
E01000414,1817,13.631,7,0.092,-0.966,0.472
E01000415,1488,6.236,9,0.039,-1.211,-0.244
E01000416,1654,25.261,4,0.168,-0.361,1.066
E01000417,1764,19.563,5,0.112,-0.351,0.255
E01000418,2038,18.667,5,0.133,-0.624,0.094
E01000419,1338,8.707,8,0.049,-0.777,-0.439
E01000420,1576,11.155,8,0.073,-0.76,-0.463
E01000421,1519,7.222,9,0.04,-0.614,-0.69
E01000422,1893,35.949,2,0.277,0.029,0.694
E01000423,1702,5.619,10,0.042,-1.349,-0.95
E01000424,1690,6.789,9,0.04,-1.336,-0.144
E01000425,1767,6.454,9,0.041,-0.545,-1.388
E01000426,1656,10.343,8,0.077,-0.843,-0.896
E01000427,2189,12.878,7,0.086,-0.936,-0.466
E01000428,1619,23.903,4,0.153,0.369,0.2
E01000429,1656,42.524,2,0.257,0.498,0.827
E01000430,2058,16.489,6,0.128,-0.594,-0.42
E01000431,1848,36.113,2,0.256,0.225,0.452
E01000432,1813,24.386,4,0.165,-0.08,0.377
E01000433,1980,35.521,2,0.224,0.601,0.684
E01000434,1675,38.229,2,0.239,0.629,-0.15
E01000435,1407,31.181,3,0.205,-0.158,0.615
E01000436,1733,5.016,10,0.037,-1.169,-1.501
E01000437,1363,13.671,7,0.089,-0.314,-0.051
E01000438,1713,14.031,7,0.09,-0.719,0.023
E01000439,1440,23.787,4,0.157,-0.385,0.502
E01000440,1438,7.749,9,0.037,-1.398,-0.327
E01000441,1644,29.024,3,0.215,0.227,0.393
E01000442,1637,13.895,7,0.093,-0.759,-0.658
E01000443,1278,18.208,5,0.1,-0.033,-0.344
E01000444,1696,6.832,9,0.029,-1.493,-0.179
E01000445,1659,5.791,10,0.032,-1.253,-0.474
E01000446,1562,6.243,9,0.037,-0.71,-0.645
E01000447,1789,10.353,8,0.071,-0.727,0.31
E01000448,1372,3.171,10,0.026,-1.029,-0.708
E01000449,1495,5.445,10,0.028,-0.824,0.164
E01000450,1865,18.048,5,0.123,-0.456,-0.121
E01000451,1736,7.498,9,0.043,-0.978,-0.735
E01000452,1442,7.478,9,0.056,-0.962,-0.803
E01000453,1507,8.045,9,0.052,-1.101,-0.491
E01000454,1616,18.58,5,0.116,-0.291,0.245
E01000455,1765,8.188,9,0.049,-0.887,-0.279
E01000456,1492,6.115,9,0.039,-1.267,-0.868
E01000457,2024,12.09,7,0.081,-0.47,0.042
E01000458,1431,5.631,10,0.046,-0.809,-0.833
E01000459,1847,14.438,6,0.121,-0.455,-0.176
E01000460,1291,5.115,10,0.034,-1.412,-0.744
E01000461,1620,7.086,9,0.037,-1.506,-0.217
E01000462,1734,14.326,6,0.101,-0.471,-0.455
E01000463,1297,5.128,10,0.035,-0.803,-1.045
E01000464,1569,25.484,4,0.215,-0.185,0.057
E01000465,1699,28.674,3,0.225,0.065,-0.104
E01000466,1810,23.424,4,0.183,-0.319,-0.079
E01000467,1864,18.552,5,0.157,-0.484,-0.181
E01000468,3085,20.855,5,0.158,-0.559,-0.179
E01000469,1817,19.895,5,0.143,-0.269,0.332
E01000470,1365,38.345,2,0.241,0.069,1.145
E01000471,1586,21.524,5,0.097,-0.464,-0.261
E01000472,1584,22.928,4,0.143,-0.718,0.04
E01000473,2356,25.222,4,0.145,-0.747,0.167
E01000474,2234,21.758,4,0.121,-0.819,-0.462
E01000475,2124,21.12,5,0.124,-0.91,-0.457
E01000476,1780,19.67,5,0.098,-1.101,0.379
E01000477,2251,23.491,4,0.11,-0.982,-0.117
E01000478,1787,23.721,4,0.134,-1.069,0.408
E01000479,1646,15.83,6,0.106,-1.14,0.092
E01000480,1789,11.775,7,0.072,-1.037,0.395
E01000481,1528,27.74,3,0.169,-0.519,0.077
E01000482,3007,33.304,2,0.229,0.406,0.234
E01000483,1853,33.513,2,0.233,-0.053,0.402
E01000484,1541,38.614,2,0.264,-0.188,-0.146
E01000485,1400,29.651,3,0.205,0.589,0.259
E01000486,1643,15.555,6,0.086,-1.159,0.397
E01000487,1952,17.634,6,0.123,-0.782,0.109
E01000488,1608,24.308,4,0.134,-0.517,0.842
E01000489,1493,23.257,4,0.173,-0.207,0.969
E01000490,1706,24.206,4,0.13,-0.308,0.98
E01000491,2038,21.226,5,0.133,-0.438,0.441
E01000492,1337,13.405,7,0.085,-0.789,0.262
E01000493,1610,12.31,7,0.083,-0.839,-0.018
E01000494,1692,19.535,5,0.142,-0.257,0.047
E01000495,1615,32.579,3,0.213,0.32,0.994
E01000497,1636,23.67,4,0.161,-0.353,0.357
E01000498,1660,32.538,3,0.187,-0.357,0.86
E01000499,1669,27.131,3,0.188,-0.377,0.365
E01000501,1853,35.651,2,0.255,-0.118,0.572
E01000502,1715,28.682,3,0.221,-0.496,0.68
E01000503,2018,28.578,3,0.166,-0.478,0.83
E01000504,1727,21.374,5,0.12,-0.164,0.293
E01000505,1732,20.325,5,0.135,-0.756,0.251
E01000506,1855,30.431,3,0.186,-0.228,0.372
E01000507,1627,22.007,4,0.148,-0.748,0.554
E01000508,2165,37.833,2,0.245,-0.275,0.558
E01000509,1518,34.158,2,0.171,-0.265,1.665
E01000510,1718,30.111,3,0.17,-0.827,1.458
E01000511,1606,31.007,3,0.16,-0.148,1.198
E01000512,1856,18.91,5,0.105,-0.642,0.604
E01000513,1630,15.506,6,0.099,-0.798,-0.002
E01000514,1538,14.626,6,0.083,-0.832,0.043
E01000515,1875,27.517,3,0.174,-0.487,0.752
E01000516,1670,19.417,5,0.106,-0.542,0.389
E01000517,1581,13.553,7,0.066,-1.154,0.789
E01000518,1668,25.937,4,0.154,-0.322,0.794
E01000519,1948,20.361,5,0.139,-0.534,0.26
E01000520,1728,20.597,5,0.113,-0.305,0.388
E01000521,2322,53.09,1,0.318,0.288,0.997
E01000522,1933,31.433,3,0.216,-0.268,0.149
E01000523,2573,31.722,3,0.181,-0.516,0.941
E01000524,2750,44.228,1,0.274,0.079,1.258
E01000525,2057,33.636,2,0.216,-0.32,1.023
E01000526,2277,42.123,2,0.299,0.085,0.507
E01000527,2144,34.204,2,0.185,-0.035,0.823
E01000528,1551,46.028,1,0.293,0.166,1.021
E01000530,1792,15.596,6,0.097,-0.713,0.219
E01000531,2150,25.279,4,0.18,-0.273,0.022
E01000532,1713,22.1,4,0.119,-0.442,0.071
E01000533,2262,38.611,2,0.231,0.235,1.195
E01000534,1695,19.424,5,0.12,-0.282,0.275
E01000535,2246,29.612,3,0.152,-0.18,1.099
E01000536,1627,11.259,8,0.08,-1.443,-0.08
E01000538,1478,9.585,8,0.067,-1.197,-0.341
E01000539,1582,9.401,8,0.058,-0.951,-0.294
E01000540,1410,10.46,8,0.07,-0.93,-0.417
E01000541,1427,14.775,6,0.103,-0.789,0.015
E01000543,1546,21.407,5,0.13,-0.412,0.6
E01000544,1540,33.576,2,0.248,0.165,0.251
E01000545,1813,30.368,3,0.169,-0.182,1.335
E01000546,1675,22.321,4,0.145,-0.559,0.467
E01000547,1761,22.673,4,0.144,-0.11,0.553
E01000548,2151,32.72,3,0.203,0.123,1.316
E01000549,1956,17.113,6,0.11,-0.691,0.098
E01000550,1781,34.612,2,0.239,0.146,1.139
E01000551,2452,41.111,2,0.322,-0.018,0.214
E01000552,1678,43.404,2,0.313,0.013,0.331
E01000553,2269,29.062,3,0.158,0.154,0.693
E01000554,1947,21.039,5,0.145,-0.452,-0.09
E01000555,1598,15.947,6,0.097,-0.992,0.49
E01000556,2153,32.007,3,0.165,-0.228,1.319
E01000557,1870,23.465,4,0.14,0.126,0.426
E01000558,1544,26.806,3,0.149,-0.225,1.123
E01000559,1510,22.118,4,0.145,-0.033,0.42
E01000560,1677,19.077,5,0.102,-0.556,0.501
E01000561,1809,24.708,4,0.154,-0.029,0.65
E01000562,1488,10.862,8,0.091,-1.319,-0.282
E01000563,1414,9.588,8,0.061,-0.847,0.245
E01000564,1663,17.31,6,0.111,-0.954,-0.464
E01000565,1615,23.892,4,0.182,-0.428,0.08
E01000566,1520,14.793,6,0.084,-0.596,-0.072
E01000567,1357,18.175,5,0.124,-0.438,0.151
E01000568,3024,14.257,6,0.034,-0.584,-0.039
E01000569,1471,9.462,8,0.078,-1.035,-0.251
E01000570,1684,24.088,4,0.121,-0.581,0.117
E01000571,1768,22.247,4,0.128,-0.566,0.86
E01000572,1496,12.26,7,0.093,-1.141,-0.621
E01000573,1632,13.432,7,0.098,-0.817,0.132
E01000574,1387,10.723,8,0.066,-1.045,-0.444
E01000575,2010,17.369,6,0.081,-1.135,0.428
E01000576,1696,16.509,6,0.099,-0.96,0.456
E01000577,2376,32.606,3,0.224,-0.533,-0.421
E01000578,2004,28.89,3,0.183,-0.298,0.83
E01000579,1562,28.906,3,0.17,-0.045,0.498
E01000580,1977,20.094,5,0.136,-0.821,0.962
E01000581,1503,15.538,6,0.106,-1.221,0.448
E01000582,1744,14.317,6,0.087,-0.905,0.409
E01000583,2182,21.296,5,0.105,-0.619,0.622
E01000584,1642,14.526,6,0.094,-0.609,-0.095
E01000585,1808,14.234,7,0.1,-0.48,0.03
E01000586,2661,21.525,5,0.125,-0.711,0.364
E01000587,1668,15.01,6,0.108,-0.728,-0.21
E01000588,2105,26.149,4,0.182,-0.566,0.59
E01000589,2069,19.307,5,0.114,-0.63,0.137
E01000590,1793,18.959,5,0.136,-0.143,0.035
E01000591,2191,20.6,5,0.096,-0.636,0.776
E01000592,1601,20.65,5,0.124,-0.256,0.637
E01000593,2186,19.632,5,0.143,-0.694,-0.109
E01000594,1717,17.074,6,0.106,-1.337,0.238
E01000595,1674,45.345,1,0.243,0.61,0.622
E01000596,1779,46.524,1,0.274,0.061,1.046
E01000599,1179,51.401,1,0.338,0.657,0.93
E01000600,2736,36.846,2,0.171,0.348,0.602
E01000601,1413,57.244,1,0.358,0.776,1.454
E01000602,1511,39.756,2,0.253,-0.315,0.799
E01000603,1525,39.051,2,0.27,-0.266,0.443
E01000604,1730,43.13,2,0.289,0.105,0.667
E01000605,1610,45.54,1,0.273,0.029,0.988
E01000606,1786,19.696,5,0.12,-0.866,0.223
E01000607,2282,18.814,5,0.112,-0.96,-0.244
E01000608,2420,22.141,4,0.127,-0.507,0.545
E01000609,2087,20.99,5,0.121,-0.63,0.335
E01000610,2151,24.925,4,0.137,-0.405,0.514
E01000611,1374,24.049,4,0.127,-0.129,0.303
E01000612,1554,22.985,4,0.162,-0.242,0.32
E01000613,1829,25.258,4,0.154,-0.514,-0.259
E01000615,1929,19.767,5,0.102,-0.673,-0.104
E01000616,1772,21.621,4,0.107,-0.738,0.549
E01000617,1882,24.108,4,0.128,-0.412,1.035
E01000618,1516,21.83,4,0.137,-0.624,0.221
E01000619,1548,19.435,5,0.137,-0.606,0.017
E01000620,1705,20.903,5,0.118,-1.104,-0.108
E01000621,1768,25.172,4,0.128,0.284,-0.053
E01000622,1768,30.14,3,0.14,-0.275,0.963
E01000623,1739,16.12,6,0.1,-0.628,-0.279
E01000624,1710,18.739,5,0.128,-0.668,-0.316
E01000625,1576,22.448,4,0.142,-0.563,0.111
E01000626,1526,43.498,2,0.273,0.242,1.105
E01000627,2184,39.15,2,0.2,-0.136,1.244
E01000628,1957,33.655,2,0.183,-0.024,0.798
E01000629,1932,15.786,6,0.086,-0.782,-0.008
E01000630,2582,28.674,3,0.154,-0.39,0.735
E01000631,2084,16.862,6,0.094,-1.244,0.065
E01000632,2356,18.641,5,0.096,-1.292,0.068
E01000633,2250,24.495,4,0.125,-0.686,0.696
E01000634,2685,21.854,4,0.128,-0.608,-0.146
E01000635,2746,29.677,3,0.163,-0.877,1.062
E01000636,2089,18.16,5,0.097,-1.204,-0.021
E01000637,1655,23.342,4,0.152,-0.319,0.136
E01000638,2171,28.948,3,0.167,-0.201,0.862
E01000639,1801,22.065,4,0.129,-0.816,0.844
E01000640,2541,26.984,3,0.173,-0.596,0.248
E01000641,2088,30.752,3,0.196,0.042,0.756
E01000642,2238,27.298,3,0.177,-0.32,0.365
E01000643,2293,51.118,1,0.317,0.846,1.048
E01000644,1947,24.997,4,0.171,-0.188,0.361
E01000645,1443,4.426,10,0.011,-1.934,-0.531
E01000646,1668,8.685,8,0.068,-1.214,-0.26
E01000647,1628,6.901,9,0.054,-1.147,-0.245
E01000648,1829,6.434,9,0.052,-1.422,-0.83
E01000649,1988,9.063,8,0.068,-1.165,-0.414
E01000650,1995,11.657,7,0.073,-0.916,-0.131
E01000651,1693,9.788,8,0.069,-1.152,-0.932
E01000652,1583,6.271,9,0.037,-1.415,-0.013
E01000653,1537,9.788,8,0.048,-0.593,-0.628
E01000654,1293,7.92,9,0.049,-1.028,-0.737
E01000655,1388,10.106,8,0.047,-1.195,-0.346
E01000656,1407,6.82,9,0.046,-1.334,0.015
E01000657,1529,12.177,7,0.096,-0.518,0.023
E01000658,1285,6.924,9,0.048,-0.832,-0.755
E01000659,1435,7.687,9,0.05,-1.119,-0.373
E01000661,2378,37.586,2,0.256,0.197,0.739
E01000662,1760,18.168,5,0.118,-0.266,0.088
E01000663,1739,17.592,6,0.125,-0.515,-0.209
E01000664,1680,19.015,5,0.1,-0.486,0.438
E01000665,1877,11.279,8,0.066,-1.19,-0.28
E01000666,1848,5.577,10,0.03,-1.966,-0.599
E01000667,1639,6.865,9,0.029,-1.554,-0.536
E01000668,1922,11.493,7,0.08,-0.858,0.234
E01000669,1692,8.753,8,0.062,-1.202,-0.271
E01000670,2108,5.899,10,0.038,-2.043,-0.548
E01000671,2205,10.594,8,0.068,-0.655,-0.351
E01000672,1645,7.586,9,0.048,-0.807,-0.089
E01000673,1618,8.286,9,0.052,-1.099,-0.475
E01000674,1671,12.232,7,0.106,-0.765,-0.054
E01000675,1819,10.154,8,0.062,-1.481,0.165
E01000676,1969,20.773,5,0.142,-0.309,0.615
E01000677,1911,13.342,7,0.055,-1.256,0.944
E01000678,1882,8.932,8,0.056,-1.183,-0.806
E01000679,1734,8.841,8,0.049,-0.876,-0.111
E01000680,1628,9.169,8,0.039,-1.287,-0.218
E01000681,1739,2.655,10,0.014,-1.722,-1.015
E01000682,1599,4.327,10,0.029,-0.837,-0.865
E01000683,1619,12.312,7,0.077,-0.725,-1.035
E01000684,2157,3.543,10,0.022,-1.699,-1.62
E01000685,1550,12.631,7,0.096,-0.54,-0.266
E01000686,1558,7.29,9,0.07,-1.376,-0.668
E01000687,1637,6.541,9,0.064,-1.022,-0.933
E01000688,1420,2.568,10,0.028,-1.452,-0.661
E01000689,1515,21.75,4,0.144,0.044,0.099
E01000690,1449,7.176,9,0.042,-1.367,0.518
E01000691,1590,13.121,7,0.114,-0.679,-0.314
E01000692,1619,6.716,9,0.051,-1.168,-0.038
E01000693,1545,11.702,7,0.044,-1.153,0.369
E01000694,2159,7.762,9,0.057,-1.534,-0.242
E01000695,1593,7.554,9,0.044,-1.806,0.187
E01000696,1566,7.31,9,0.024,-1.647,0.603
E01000697,1740,3.492,10,0.022,-1.64,-1.199
E01000698,1112,14.009,7,0.034,-1.303,1.25
E01000699,1543,20.128,5,0.14,-0.219,0.157
E01000700,1558,13.73,7,0.093,-0.666,-0.314
E01000701,1385,12.788,7,0.1,-0.749,-0.539
E01000702,1309,10.113,8,0.054,-0.765,-0.229
E01000703,1737,10.469,8,0.058,-1.123,0.059
E01000704,1485,10.323,8,0.067,-1.049,0.089
E01000705,1381,16.348,6,0.103,-0.904,0.181
E01000706,1338,16.599,6,0.106,-0.665,0.105
E01000707,1546,3.318,10,0.024,-1.831,-0.758
E01000708,1641,7.865,9,0.049,-0.903,-0.168
E01000709,1343,16.171,6,0.105,-0.101,-0.432
E01000710,1798,10.333,8,0.066,-1.316,0.442
E01000711,1959,11.785,7,0.073,-1.444,0.279
E01000712,1723,7.002,9,0.04,-1.883,0.28
E01000713,1731,8.117,9,0.043,-1.301,-0.074
E01000714,2228,9.987,8,0.064,-1.493,0.352
E01000715,1756,6.57,9,0.041,-0.974,-0.017
E01000716,1644,7.53,9,0.066,-0.924,-0.498
E01000717,1701,8.436,9,0.06,-1.554,-0.64
E01000718,2299,27.328,3,0.175,-0.622,0.13
E01000719,2097,25.428,4,0.171,0.136,0.699
E01000720,1790,43.281,2,0.282,0.131,1.099
E01000721,1499,43.217,2,0.301,0.563,1.103
E01000722,1778,23.575,4,0.156,-0.098,0.728
E01000723,1209,13.714,7,0.068,-0.759,0.088
E01000724,1896,36.128,2,0.231,0.384,1.02
E01000725,1728,27.914,3,0.191,0.045,0.687
E01000726,1279,16.178,6,0.089,-0.746,1.035
E01000727,1694,14.486,6,0.096,-0.745,0.135
E01000728,1624,21.443,5,0.126,-0.541,0.772
E01000729,1890,40.937,2,0.276,0.55,1.005
E01000730,1784,41.8,2,0.287,0.435,0.815
E01000731,1428,29.743,3,0.185,-0.259,0.757
E01000732,1530,14.361,6,0.104,-0.742,0.006
E01000733,1648,19.956,5,0.146,-0.598,0.552
E01000734,1427,11.971,7,0.082,-0.915,-0.42
E01000735,1553,30.057,3,0.181,0.002,0.696
E01000736,1661,21.883,4,0.151,-0.487,0.231
E01000737,1405,32.209,3,0.221,0.146,0.967
E01000738,1522,20.161,5,0.117,-0.324,0.893
E01000739,1672,42.448,2,0.283,0.238,1.455
E01000740,2054,25.699,4,0.162,-0.252,1.158
E01000741,1836,24.882,4,0.151,0.225,0.396
E01000742,2178,23.251,4,0.16,-0.561,0.489
E01000743,1919,34.812,2,0.223,0.455,0.86
E01000744,1578,41.713,2,0.301,0.584,0.511
E01000745,1889,19.473,5,0.126,-0.541,0.537
E01000746,2034,17.48,6,0.115,-0.735,0.515
E01000747,1919,20.247,5,0.09,-0.819,-0.08
E01000748,1629,12.664,7,0.037,-1.401,-0.294
E01000749,1708,11.329,7,0.05,-1.224,-0.128
E01000750,1533,30.702,3,0.201,-0.234,-0.557
E01000751,2029,6.681,9,0.042,-0.945,-0.186
E01000752,1717,8.395,9,0.058,-0.948,0.062
E01000753,1874,6.135,9,0.022,-1.559,-1.519
E01000754,1713,7.427,9,0.047,-0.892,-0.818
E01000755,1510,5.078,10,0.03,-1.067,-1.187
E01000756,1621,4.925,10,0.034,-1.5,-0.196
E01000757,1504,4.451,10,0.015,-1.667,-1.499
E01000758,1491,3.339,10,0.02,-1.472,-1.034
E01000759,1568,7.816,9,0.025,-1.345,-0.139
E01000760,1548,9.071,8,0.042,-1.025,-0.639
E01000761,1594,7.262,9,0.028,-1.367,-0.028
E01000762,1657,6.964,9,0.055,-1.009,-1.12
E01000763,1464,5.404,10,0.022,-1.377,-0.334
E01000764,1690,12.203,7,0.08,-0.6,-0.349
E01000765,1755,7.214,9,0.051,-1.418,-0.04
E01000766,1784,3.044,10,0.021,-1.817,-0.926
E01000767,1637,4.764,10,0.023,-1.505,0.016
E01000768,1540,8.72,8,0.048,-1.153,0.025
E01000769,1467,23.938,4,0.098,-0.349,1.423
E01000770,1487,6.02,9,0.036,-1.79,0.205
E01000771,1692,5.485,10,0.02,-1.875,0.245
E01000772,1574,4.052,10,0.045,-1.48,-1.148
E01000773,1598,6.474,9,0.038,-1.527,-0.834
E01000774,1471,9.362,8,0.057,-0.995,0.277
E01000775,2359,7.336,9,0.045,-2.264,-0.522
E01000777,1615,7.717,9,0.038,-1.165,-0.303
E01000778,1661,13.162,7,0.069,-0.711,-0.432
E01000779,1329,15.109,6,0.086,-0.903,0.985
E01000780,1643,22.669,4,0.157,-0.641,0.7
E01000781,1478,37.305,2,0.252,0.412,0.977
E01000782,1510,47.689,1,0.292,0.778,1.061
E01000783,1730,31.443,3,0.208,0.026,1.017
E01000784,1604,10.181,8,0.068,-0.736,0.192
E01000785,1526,31.622,3,0.229,-0.033,0.859
E01000786,1430,9.502,8,0.043,-1.154,0.256
E01000787,1466,22.391,4,0.133,-0.604,0.831
E01000788,1515,23.025,4,0.128,-0.85,1.182
E01000789,1975,36.636,2,0.287,0.031,0.34
E01000790,2230,13.639,7,0.079,-1.254,0.096
E01000791,1446,9.652,8,0.053,-0.958,-0.04
E01000792,1426,18.856,5,0.137,-0.679,0.901
E01000793,1509,4.826,10,0.025,-1.042,-0.513
E01000794,1578,3.686,10,0.03,-1.267,-1.244
E01000795,1419,14.293,6,0.107,-0.456,-0.538
E01000796,1695,30.14,3,0.239,0.013,0.174
E01000797,1629,13.477,7,0.055,-0.777,0.809
E01000798,1548,42.145,2,0.281,0.281,1.189
E01000799,1801,19.434,5,0.116,-0.731,0.807
E01000800,1692,28.064,3,0.182,-0.405,1.126
E01000801,1603,18.196,5,0.115,-0.566,0.218
E01000802,1739,19.757,5,0.134,-0.62,0.396
E01000803,1619,17.243,6,0.116,-0.422,0.061
E01000804,1545,8.331,9,0.05,-1.323,0.308
E01000805,1798,21.754,4,0.133,-0.346,0.742
E01000806,1924,25.697,4,0.19,-0.114,0.313
E01000807,1564,6.047,9,0.039,-1.405,-0.392
E01000808,1575,7.005,9,0.051,-1.346,-0.602
E01000809,1517,4.188,10,0.027,-1.492,-0.688
E01000810,1521,2.339,10,0.016,-1.94,-0.794
E01000811,1348,5.127,10,0.031,-1.354,-0.22
E01000812,1545,10.196,8,0.08,-1.174,-0.065
E01000813,1664,3.255,10,0.029,-1.54,-0.54
E01000814,1464,4.284,10,0.018,-1.908,-0.155
E01000815,1564,2.586,10,0.012,-2.036,-0.738
E01000816,1473,14.081,7,0.084,-1.019,0.363
E01000818,1517,13.454,7,0.066,-1.383,0.574
E01000819,1732,26.536,4,0.194,-0.247,0.642
E01000820,1511,21.127,5,0.138,-0.106,0.608
E01000822,1705,13.278,7,0.102,-0.176,-0.095
E01000823,1686,11.568,7,0.062,-0.773,0.686
E01000824,1247,15.415,6,0.105,-0.434,0.306
E01000825,1687,17.0,6,0.103,-0.42,-0.453
E01000826,1639,4.317,10,0.018,-1.599,-0.933
E01000827,1844,5.195,10,0.05,-1.731,-0.977
E01000828,1762,10.099,8,0.07,-1.151,-0.492
E01000829,1838,6.085,9,0.049,-1.492,-0.924
E01000830,1533,3.748,10,0.01,-1.938,-0.708
E01000831,1672,8.153,9,0.068,-1.263,-1.153
E01000832,1515,5.996,9,0.034,-1.399,-0.419
E01000833,1489,2.759,10,0.02,-1.844,-1.161
E01000834,1372,4.859,10,0.035,-1.534,-1.084
E01000835,1732,7.308,9,0.069,-1.212,-0.632
E01000836,1436,5.562,10,0.031,-1.539,-1.067
E01000837,1584,10.214,8,0.062,-0.59,-0.327
E01000838,1486,5.005,10,0.021,-1.125,-0.463
E01000839,1463,4.317,10,0.014,-1.659,-0.372
E01000840,1544,10.385,8,0.054,-0.636,-1.082
E01000841,1609,4.549,10,0.035,-1.51,-0.779
E01000842,1668,8.523,9,0.052,-1.457,0.0
E01000843,1923,13.567,7,0.124,-1.42,0.035
E01000844,1904,9.797,8,0.051,-1.241,0.371
E01000845,1714,11.305,7,0.078,-0.873,0.615
E01000846,1643,22.13,4,0.172,-0.456,0.443
E01000847,1875,17.13,6,0.153,-0.86,0.186
E01000848,1841,6.035,9,0.044,-2.093,0.008
E01000849,1824,7.694,9,0.042,-1.155,-0.132
E01000850,1930,14.252,6,0.062,-1.4,0.391
E01000851,2657,14.959,6,0.043,-1.23,-0.074
E01000852,1862,14.633,6,0.067,-0.619,0.486
E01000853,1708,30.826,3,0.226,-0.043,0.583
E01000854,1798,15.832,6,0.12,-0.417,-0.401
E01000855,1738,14.66,6,0.048,-1.024,0.357
E01000856,1812,31.404,3,0.209,0.453,1.309
E01000857,1535,14.85,6,0.134,-0.492,-0.187
E01000858,2055,37.66,2,0.261,0.328,1.81
E01000859,1694,7.224,9,0.05,-1.571,-0.298
E01000860,1428,17.703,5,0.164,-0.608,0.213
E01000861,1572,33.498,2,0.177,0.213,1.735
E01000862,1641,10.864,8,0.046,-1.323,0.975
E01000863,1668,34.37,2,0.158,0.699,1.7
E01000864,1702,17.932,5,0.11,-0.602,0.661
E01000865,1947,13.236,7,0.061,-0.258,0.422
E01000866,2256,22.434,4,0.151,-0.338,0.364
E01000867,1800,28.4,3,0.22,-0.078,0.4
E01000868,1513,39.291,2,0.249,0.452,0.672
E01000869,2292,22.144,4,0.162,0.035,0.402
E01000870,1846,26.832,3,0.186,-0.036,0.66
E01000871,1851,14.237,7,0.107,-1.253,0.87
E01000872,2155,24.312,4,0.156,-0.004,0.819
E01000873,1735,8.615,9,0.073,-0.941,-0.453
E01000874,1743,4.907,10,0.035,-1.49,-0.65
E01000875,1834,21.838,4,0.158,-0.45,0.838
E01000876,1979,29.94,3,0.224,0.434,0.441
E01000877,1708,11.158,8,0.083,-0.542,-0.395
E01000878,2368,5.647,10,0.047,-1.822,-0.692
E01000879,1478,5.877,10,0.037,-2.079,-0.304
E01000880,1637,6.105,9,0.035,-2.257,-0.409
E01000881,1675,13.429,7,0.094,-1.238,-0.217
E01000882,1788,4.319,10,0.018,-2.291,-0.686
E01000883,1573,9.536,8,0.05,-1.602,0.489
E01000884,1607,5.273,10,0.036,-1.995,-0.667
E01000885,1510,7.027,9,0.037,-2.038,-0.208
E01000886,1691,9.126,8,0.075,-1.492,-0.251
E01000887,1606,13.063,7,0.09,-0.864,0.465
E01000888,1764,14.584,6,0.093,-0.745,0.347
E01000889,1887,30.868,3,0.229,0.415,0.196
E01000890,1840,40.883,2,0.294,0.615,0.404
E01000891,1792,38.283,2,0.277,0.496,0.787
E01000892,2093,15.799,6,0.142,-1.287,0.421
E01000893,1618,5.314,10,0.037,-1.725,-0.245
E01000894,1490,6.601,9,0.03,-1.916,0.063
E01000895,1791,8.367,9,0.087,-0.777,-0.733
E01000896,1888,5.734,10,0.024,-2.131,0.147
E01000897,1738,5.398,10,0.03,-2.098,0.187
E01000898,2072,11.81,7,0.104,-0.217,-0.889
E01000899,1941,5.971,9,0.013,-2.77,-0.007
E01000900,1985,26.042,4,0.162,-0.065,1.068
E01000901,2351,30.351,3,0.248,-0.067,0.469
E01000902,1739,36.241,2,0.279,0.615,0.744
E01000903,1651,18.925,5,0.157,-0.322,0.572
E01000904,2458,24.584,4,0.187,-0.48,1.107
E01000905,2219,38.075,2,0.291,0.524,0.992
E01000906,1597,10.421,8,0.072,-0.941,0.582
E01000907,1548,33.796,2,0.236,0.32,1.103
E01000908,1732,27.211,3,0.201,-0.156,0.183
E01000909,1741,11.771,7,0.079,-1.532,0.228
E01000910,1653,9.73,8,0.051,-1.587,0.657
E01000911,1726,16.959,6,0.156,-0.77,0.184
E01000912,1791,22.316,4,0.181,-0.218,0.737
E01000913,1850,9.279,8,0.023,-1.576,0.983
E01000914,2013,13.106,7,0.073,-1.483,-0.414
E01000915,1653,23.058,4,0.195,-0.388,-0.816
E01000916,2228,19.491,5,0.135,-0.667,-0.974
E01000917,2067,34.957,2,0.278,-0.055,0.101
E01000918,2198,20.684,5,0.131,-0.981,0.323
E01000919,2176,21.741,4,0.116,-0.303,0.828
E01000920,2107,15.017,6,0.113,-0.664,-0.498
E01000921,2287,15.197,6,0.086,-0.358,0.657
E01000922,1829,21.717,4,0.16,0.111,0.236
E01000923,1630,19.37,5,0.124,0.174,0.605
E01000924,1753,13.294,7,0.099,-1.006,0.352
E01000925,1730,29.369,3,0.252,0.16,0.125
E01000926,1885,17.412,6,0.149,0.091,0.196
E01000927,1918,14.937,6,0.096,-0.435,0.685
E01000928,1815,20.295,5,0.148,-0.177,0.265
E01000929,2006,25.374,4,0.203,-0.063,0.323
E01000930,2177,30.755,3,0.249,0.005,0.684
E01000931,2217,34.552,2,0.251,-0.085,1.515
E01000932,1780,20.043,5,0.164,0.07,0.374
E01000933,1911,25.739,4,0.159,-0.392,1.344
E01000934,1835,35.446,2,0.269,0.761,0.335
E01000935,1547,32.327,3,0.277,0.056,0.112
E01000936,1835,21.454,5,0.147,-0.712,0.094
E01000937,1626,14.324,6,0.065,-0.911,0.599
E01000938,1949,33.666,2,0.18,0.196,1.25
E01000939,1376,39.074,2,0.267,0.226,1.253
E01000940,1354,19.688,5,0.144,-0.212,0.175
E01000941,1283,38.035,2,0.271,0.509,1.164
E01000942,1905,15.339,6,0.061,-1.231,-0.148
E01000943,907,19.812,5,0.109,-0.694,0.348
E01000944,2042,22.702,4,0.18,-0.345,-0.298
E01000945,1548,29.491,3,0.192,0.591,0.203
E01000946,1923,14.777,6,0.128,-0.654,-0.789
E01000947,1978,24.682,4,0.157,0.1,0.528
E01000948,1861,28.939,3,0.153,-0.202,1.814
E01000949,1746,19.618,5,0.157,0.13,-0.754
E01000950,1450,39.726,2,0.296,0.458,0.178
E01000951,1612,34.249,2,0.29,0.281,0.252
E01000952,1819,33.388,2,0.23,0.303,0.988
E01000953,2783,37.205,2,0.256,0.572,1.685
E01000954,1882,34.893,2,0.27,0.352,-0.474
E01000955,1642,33.231,3,0.218,0.238,0.817
E01000956,1834,33.601,2,0.227,0.034,0.769
E01000957,1645,26.314,4,0.205,-0.066,0.59
E01000958,2852,24.531,4,0.196,0.505,0.039
E01000959,1661,39.028,2,0.261,0.43,1.284
E01000960,1979,16.477,6,0.116,-1.038,0.306
E01000961,1855,22.612,4,0.175,-0.687,0.55
E01000962,1760,6.05,9,0.037,-1.066,-0.331
E01000963,2235,8.751,8,0.06,-1.324,-0.12
E01000964,1712,17.855,5,0.165,-0.67,-0.625
E01000965,1733,17.42,6,0.144,-0.355,0.328
E01000966,1549,6.968,9,0.037,-1.341,0.175
E01000967,1552,9.325,8,0.057,-1.818,0.463
E01000968,1489,14.268,6,0.101,-0.833,0.691
E01000969,2189,6.278,9,0.047,-1.361,-0.13
E01000970,1628,10.284,8,0.054,-0.357,-0.13
E01000971,1593,7.866,9,0.056,-1.09,-0.518
E01000972,2265,27.096,3,0.208,-0.125,-0.093
E01000973,2280,20.581,5,0.132,-0.13,0.695
E01000974,2004,25.094,4,0.183,-0.178,0.569
E01000975,1608,17.721,5,0.096,-0.087,0.117
E01000976,2055,25.791,4,0.149,0.469,0.277
E01000977,1675,28.332,3,0.195,0.41,0.134
E01000978,1795,20.55,5,0.086,-0.217,-0.05
E01000979,1766,17.568,6,0.095,-0.451,-0.327
E01000980,1257,26.51,4,0.192,0.468,0.242
E01000981,1768,13.993,7,0.097,-0.145,-0.17
E01000982,1656,18.644,5,0.138,-0.413,0.189
E01000983,1704,13.494,7,0.071,-0.265,-0.068
E01000984,1858,30.644,3,0.194,0.876,0.21
E01000985,1460,8.729,8,0.059,-0.612,0.135
E01000986,1734,13.043,7,0.083,-0.596,0.331
E01000987,1487,9.378,8,0.049,-0.614,0.182
E01000989,1713,12.449,7,0.079,-0.386,-0.423
E01000990,1491,40.278,2,0.257,0.341,0.309
E01000991,1644,8.842,8,0.05,-0.794,-0.291
E01000992,2017,32.164,3,0.184,0.252,0.688
E01000993,1702,12.212,7,0.069,-0.395,0.197
E01000994,1510,19.762,5,0.119,-0.435,0.646
E01000995,1779,20.555,5,0.117,-0.514,0.605
E01000996,1211,19.945,5,0.125,0.098,0.328
E01000997,1365,22.343,4,0.158,0.131,0.178
E01000998,1560,32.577,3,0.175,0.23,0.985
E01000999,1269,22.777,4,0.128,-0.223,0.531
E01001000,1341,28.215,3,0.135,0.271,1.216
E01001001,1252,37.455,2,0.248,0.31,0.755
E01001002,1419,22.163,4,0.133,-0.009,0.169
E01001003,1685,24.98,4,0.174,-0.431,0.227
E01001004,2229,26.942,3,0.202,-0.237,0.224
E01001005,1629,23.204,4,0.129,-0.051,0.829
E01001006,1597,30.661,3,0.185,-0.096,0.678
E01001007,2063,18.879,5,0.144,-0.635,-0.108
E01001008,1739,30.401,3,0.191,0.25,0.472
E01001009,1957,23.746,4,0.153,-0.234,0.382
E01001010,1631,41.778,2,0.249,0.247,1.277
E01001011,2106,30.871,3,0.185,-0.292,0.909
E01001012,2014,37.546,2,0.206,0.39,1.13
E01001013,2106,46.101,1,0.28,0.869,1.317
E01001014,3782,30.289,3,0.148,0.221,1.046
E01001015,1534,24.292,4,0.173,-0.126,-0.38
E01001016,1770,14.363,6,0.068,-0.578,-0.22
E01001017,1654,8.041,9,0.036,-1.171,-1.283
E01001018,1579,6.431,9,0.037,-0.633,-0.134
E01001019,1560,5.448,10,0.042,-0.866,-0.971
E01001020,1668,8.448,9,0.054,-0.691,-0.154
E01001021,1405,35.481,2,0.238,0.673,0.496
E01001022,1486,9.338,8,0.052,-1.004,0.057
E01001023,1368,23.385,4,0.142,0.109,0.227
E01001024,1380,8.874,8,0.061,-0.647,0.053
E01001025,1296,6.227,9,0.037,-1.16,-0.446
E01001026,1893,12.713,7,0.108,-0.299,-0.488
E01001027,1618,10.503,8,0.059,-0.714,-0.252
E01001028,1555,6.172,9,0.034,-0.964,-0.575
E01001029,1697,14.98,6,0.076,-0.36,0.149
E01001030,1408,7.277,9,0.04,-0.978,0.017
E01001031,1467,6.872,9,0.032,-0.811,0.58
E01001032,1475,3.765,10,0.021,-0.763,-0.895
E01001033,1746,14.464,6,0.067,-0.518,0.239
E01001034,1638,14.826,6,0.075,-0.367,-0.342
E01001035,1873,18.386,5,0.089,0.374,-0.144
E01001036,1548,11.983,7,0.036,-0.6,0.297
E01001037,1346,20.404,5,0.127,0.002,0.023
E01001038,1924,18.538,5,0.093,0.054,-0.18
E01001039,1507,8.629,8,0.053,-1.074,0.293
E01001040,1855,15.153,6,0.1,-0.538,-0.506
E01001041,1642,21.138,5,0.114,0.076,0.364
E01001042,2046,36.634,2,0.187,0.135,1.99
E01001043,2925,31.45,3,0.166,-0.159,1.38
E01001044,1943,10.209,8,0.064,-0.939,0.3
E01001045,2169,35.775,2,0.198,0.249,0.306
E01001046,1764,9.773,8,0.05,-1.13,-0.272
E01001047,1792,22.051,4,0.102,-0.015,0.825
E01001048,2484,28.921,3,0.161,0.177,1.305
E01001049,1529,12.324,7,0.043,-1.121,0.881
E01001050,1692,22.047,4,0.137,0.337,0.36
E01001051,1576,39.057,2,0.269,0.694,0.732
E01001052,1402,42.12,2,0.303,0.397,0.614
E01001053,1581,32.404,3,0.211,0.3,0.446
E01001054,1691,34.919,2,0.239,0.494,0.204
E01001055,1576,38.85,2,0.235,0.466,0.548
E01001056,1910,37.89,2,0.272,0.309,0.255
E01001057,1916,40.503,2,0.301,0.415,0.075
E01001058,1326,11.624,7,0.058,-0.236,0.118
E01001059,1446,15.24,6,0.1,-0.023,-0.582
E01001060,1647,20.543,5,0.137,-0.456,0.878
E01001061,1570,23.65,4,0.147,-0.058,0.624
E01001062,1492,9.874,8,0.078,-0.624,-0.172
E01001063,1557,6.864,9,0.058,-0.927,-0.303
E01001064,1600,12.837,7,0.05,-0.908,0.934
E01001065,1378,15.885,6,0.085,-0.495,0.592
E01001066,1417,38.911,2,0.284,0.573,0.087
E01001067,1746,6.996,9,0.018,-0.579,-0.77
E01001068,1921,17.303,6,0.099,-0.648,-0.299
E01001069,1361,9.762,8,0.042,-0.371,-0.964
E01001070,1834,14.452,6,0.104,-0.224,-0.569
E01001071,2027,12.944,7,0.073,-0.809,-0.243
E01001072,1473,8.211,9,0.04,-0.765,-0.296
E01001073,1478,16.333,6,0.08,-0.085,-0.52
E01001074,2129,18.325,5,0.114,-0.317,-0.389
E01001075,1648,11.58,7,0.064,-0.228,-0.561
E01001076,1736,36.214,2,0.223,0.582,0.411
E01001077,1371,18.542,5,0.098,-0.182,0.277
E01001078,1524,36.004,2,0.237,0.452,0.646
E01001079,1786,33.984,2,0.229,0.431,-0.34
E01001080,1660,49.591,1,0.294,0.992,0.606
E01001081,1461,34.64,2,0.215,0.784,0.062
E01001082,1580,33.023,3,0.202,0.186,0.614
E01001083,1648,13.37,7,0.089,-0.805,0.335
E01001084,1878,13.991,7,0.066,-0.518,0.442
E01001085,1748,18.622,5,0.119,-0.838,0.487
E01001086,1732,16.705,6,0.082,-0.597,0.91
E01001087,2506,23.96,4,0.114,-0.569,0.782
E01001088,1805,16.133,6,0.119,-0.635,-0.309
E01001089,2010,28.744,3,0.167,0.352,0.644
E01001090,2409,23.381,4,0.135,-0.537,0.375
E01001091,1674,15.404,6,0.088,-0.54,0.767
E01001092,1841,19.832,5,0.083,-0.131,0.432
E01001093,1828,11.683,7,0.083,-0.625,-0.241
E01001094,1539,8.462,9,0.04,-0.82,-0.15
E01001095,1507,16.293,6,0.118,-0.384,0.058
E01001096,1473,7.102,9,0.039,-0.996,-0.584
E01001097,2456,22.424,4,0.145,-0.238,0.607
E01001098,1499,7.535,9,0.039,-0.524,0.017
E01001099,1507,19.716,5,0.138,-0.647,-0.274
E01001100,1494,8.833,8,0.052,-0.957,-0.49
E01001101,1363,5.124,10,0.026,-0.995,-0.865
E01001102,1567,7.129,9,0.053,-0.554,-0.209
E01001103,1685,7.187,9,0.053,-0.831,-0.751
E01001104,1708,5.761,10,0.033,-0.92,-0.334
E01001105,1749,20.775,5,0.118,0.228,-0.048
E01001106,1562,12.55,7,0.079,-0.233,-0.167
E01001107,1690,7.039,9,0.031,-1.221,-0.847
E01001108,1809,5.129,10,0.028,-1.7,-0.503
E01001109,2175,32.11,3,0.202,-0.006,0.467
E01001110,1928,43.021,2,0.233,1.065,1.104
E01001111,1663,28.48,3,0.157,0.11,0.93
E01001112,1943,30.378,3,0.226,0.561,0.24
E01001113,1867,28.381,3,0.162,-0.133,0.733
E01001114,1446,41.451,2,0.25,0.682,0.953
E01001115,1662,44.37,1,0.257,0.805,1.615
E01001116,1347,28.878,3,0.157,0.127,0.841
E01001117,3253,27.454,3,0.136,-0.045,0.641
E01001118,1892,40.478,2,0.258,0.475,1.095
E01001119,1438,8.868,8,0.041,-0.952,-0.894
E01001120,1298,10.028,8,0.056,-0.344,-0.151
E01001121,1348,7.244,9,0.034,-0.642,-0.352
E01001122,1562,9.529,8,0.034,-0.947,-0.716
E01001123,1550,9.235,8,0.036,-0.761,-0.07
E01001124,1569,5.837,10,0.03,-0.833,-0.651
E01001125,1685,12.056,7,0.083,-0.236,-0.128
E01001126,1419,6.813,9,0.042,-0.699,-0.612
E01001127,1551,9.41,8,0.066,-0.882,0.121
E01001128,1641,34.857,2,0.257,0.14,0.558
E01001129,1410,4.626,10,0.029,-1.096,-0.529
E01001130,1847,37.162,2,0.296,0.0,0.325
E01001131,1643,12.694,7,0.079,-0.565,-0.874
E01001132,1487,9.259,8,0.051,-0.624,-0.091
E01001133,1527,11.327,7,0.083,-0.584,-0.468
E01001134,1658,9.9,8,0.07,-0.898,-0.511
E01001135,1748,8.602,9,0.067,-1.25,-0.091
E01001136,2107,32.903,3,0.176,0.135,0.885
E01001137,2005,23.5,4,0.141,-0.113,0.976
E01001138,1569,18.603,5,0.12,-0.422,0.612
E01001139,1662,19.585,5,0.111,-0.565,0.428
E01001140,1696,21.715,4,0.136,-0.026,0.352
E01001141,1332,27.47,3,0.187,-0.121,0.327
E01001142,1806,21.44,5,0.113,0.001,1.033
E01001143,2082,30.177,3,0.17,0.168,0.354
E01001144,1646,37.101,2,0.207,0.616,0.403
E01001145,1902,39.931,2,0.27,0.355,0.819
E01001146,1620,19.749,5,0.127,-0.491,0.169
E01001147,1772,34.0,2,0.205,0.349,0.551
E01001148,1666,23.162,4,0.156,0.202,0.191
E01001149,1572,16.06,6,0.101,-0.345,0.121
E01001150,1794,20.545,5,0.131,-0.527,0.746
E01001151,1756,40.839,2,0.22,0.639,0.938
E01001152,1788,37.166,2,0.225,0.455,0.949
E01001153,1540,22.665,4,0.139,-0.391,0.551
E01001154,2023,28.926,3,0.161,-0.431,0.869
E01001155,1767,43.809,2,0.281,0.927,0.847
E01001156,1749,26.234,4,0.174,0.558,-0.034
E01001157,1717,18.181,5,0.115,-0.471,0.78
E01001158,1714,20.443,5,0.127,-0.181,0.014
E01001159,1943,14.456,6,0.093,-0.687,0.186
E01001160,1991,13.743,7,0.107,-0.545,0.075
E01001161,1802,42.566,2,0.293,0.662,0.506
E01001162,1849,28.352,3,0.171,0.048,0.629
E01001163,2066,16.31,6,0.09,-0.625,0.43
E01001164,2184,20.492,5,0.133,-0.419,0.415
E01001165,1741,24.16,4,0.125,-0.17,0.783
E01001166,2001,32.149,3,0.201,0.777,0.209
E01001167,2161,21.834,4,0.131,-0.061,0.43
E01001168,1845,21.176,5,0.099,0.087,0.546
E01001169,1724,32.702,3,0.214,0.594,0.056
E01001170,2130,27.089,3,0.147,0.436,0.574
E01001171,1866,24.566,4,0.152,-0.069,-0.245
E01001172,2124,43.062,2,0.289,0.614,0.517
E01001173,2806,19.768,5,0.13,-0.012,0.005
E01001174,1606,22.452,4,0.153,-0.493,0.819
E01001175,1644,30.599,3,0.171,0.334,0.898
E01001176,1953,22.748,4,0.129,-0.476,0.86
E01001177,1654,31.6,3,0.192,0.341,0.555
E01001178,1408,58.173,1,0.419,1.296,0.503
E01001179,1591,20.706,5,0.129,-0.515,0.517
E01001180,1840,27.841,3,0.169,-0.251,0.788
E01001181,2095,42.449,2,0.25,0.595,1.0
E01001182,1391,21.65,4,0.128,-0.244,0.705
E01001183,1780,24.133,4,0.148,-0.389,0.599
E01001184,1309,16.909,6,0.103,-0.327,0.531
E01001185,1648,19.985,5,0.124,-0.141,0.156
E01001186,1828,29.074,3,0.186,0.32,0.213
E01001187,2131,20.607,5,0.124,-0.362,-0.008
E01001188,1965,28.153,3,0.178,-0.008,0.853
E01001189,1236,17.717,5,0.101,-0.397,0.357
E01001190,1596,27.441,3,0.175,0.236,0.239
E01001191,1950,34.93,2,0.219,0.247,0.792
E01001192,1787,27.765,3,0.167,0.168,0.778
E01001193,1766,34.356,2,0.232,0.295,0.068
E01001194,1663,18.25,5,0.111,-0.374,0.763
E01001195,1850,13.986,7,0.085,-0.865,0.284
E01001196,1783,38.041,2,0.245,0.65,0.373
E01001197,1829,22.602,4,0.131,-0.014,0.36
E01001198,1569,14.822,6,0.072,-0.421,0.322
E01001199,1809,22.254,4,0.178,-0.048,-0.122
E01001200,1548,15.981,6,0.085,-0.128,0.332
E01001201,1658,17.646,6,0.112,-0.557,0.237
E01001202,2311,33.786,2,0.207,0.087,1.16
E01001203,1727,32.757,3,0.222,0.394,0.23
E01001204,1540,13.681,7,0.114,-0.596,-0.435
E01001205,1524,31.013,3,0.186,-0.28,0.487
E01001206,1459,42.319,2,0.314,0.033,-0.287
E01001207,1637,16.207,6,0.095,-0.378,0.25
E01001208,1328,11.841,7,0.065,-0.88,0.463
E01001209,1636,7.107,9,0.045,-1.114,-0.166
E01001210,1633,50.708,1,0.348,0.61,-0.066
E01001211,1692,10.395,8,0.08,-0.826,0.097
E01001212,1765,13.453,7,0.079,-0.388,-0.533
E01001213,1933,28.161,3,0.169,-0.054,0.519
E01001214,1791,15.937,6,0.086,-0.537,-0.249
E01001215,1906,30.196,3,0.173,0.285,0.998
E01001216,1643,22.184,4,0.117,-0.258,0.388
E01001217,1511,16.083,6,0.113,-0.509,0.231
E01001218,1909,36.313,2,0.24,0.527,0.253
E01001219,1966,36.023,2,0.243,0.16,-0.222
E01001220,1347,47.749,1,0.325,0.11,0.912
E01001221,2300,24.068,4,0.135,-0.269,1.067
E01001222,2527,21.852,4,0.125,-0.313,0.19
E01001223,1471,11.671,7,0.062,-0.564,-0.453
E01001224,1588,9.146,8,0.045,-0.858,-0.453
E01001225,1702,21.713,4,0.109,-0.499,1.241
E01001226,1448,13.363,7,0.078,-0.225,-0.61
E01001227,1496,10.29,8,0.054,-0.926,-0.428
E01001228,1794,11.398,7,0.076,-0.293,-0.632
E01001229,1499,30.226,3,0.198,0.186,0.483
E01001230,1411,21.257,5,0.112,-0.515,-0.033
E01001231,1859,13.847,7,0.058,-1.213,0.424
E01001232,1459,23.753,4,0.125,-0.178,0.363
E01001233,1355,23.841,4,0.164,-0.12,0.935
E01001234,1408,22.923,4,0.103,-0.411,1.029
E01001235,1629,14.225,7,0.078,-0.501,0.638
E01001236,1493,16.278,6,0.121,-0.409,-0.087
E01001237,1520,17.023,6,0.062,-0.163,0.893
E01001238,3636,24.534,4,0.125,-0.562,-0.211
E01001239,1555,32.662,3,0.206,0.145,-0.021
E01001240,1646,20.451,5,0.133,-0.482,0.177
E01001241,1572,22.203,4,0.123,-0.513,1.275
E01001242,1512,26.914,3,0.15,0.052,0.548
E01001243,2192,25.381,4,0.16,-0.724,0.584
E01001244,2770,28.857,3,0.188,0.003,-0.012
E01001245,2007,15.441,6,0.099,-0.547,0.209
E01001246,1468,32.021,3,0.2,-0.339,0.404
E01001247,2445,21.278,5,0.119,-0.265,0.348
E01001248,1497,17.386,6,0.125,-0.452,0.07
E01001249,2215,41.534,2,0.27,0.573,1.05
E01001250,2046,37.117,2,0.229,0.526,0.625
E01001251,1658,18.709,5,0.117,-0.225,0.16
E01001252,2136,25.654,4,0.165,0.11,0.113
E01001253,1828,15.645,6,0.125,-0.488,-0.514
E01001254,1675,14.588,6,0.102,-0.464,-0.279
E01001255,1591,13.456,7,0.065,-0.632,0.284
E01001257,1907,40.826,2,0.274,0.229,0.46
E01001258,1664,15.858,6,0.099,-0.542,-0.221
E01001259,1460,20.119,5,0.126,-0.327,0.716
E01001260,1912,20.741,5,0.103,-0.192,1.097
E01001261,2244,22.674,4,0.126,-0.676,0.42
E01001262,1586,31.334,3,0.214,-0.039,0.58
E01001263,1612,34.487,2,0.24,0.13,0.392
E01001264,1660,24.398,4,0.14,-0.787,0.188
E01001265,1791,20.568,5,0.095,-0.438,-0.602
E01001266,1849,16.109,6,0.091,-0.675,0.084
E01001267,1992,31.849,3,0.222,-0.019,0.342
E01001268,1720,18.541,5,0.107,0.051,-0.032
E01001269,2049,13.557,7,0.066,-1.355,0.096
E01001270,1682,15.651,6,0.098,-0.691,0.431
E01001271,1932,16.877,6,0.117,-0.864,-0.029
E01001272,1641,19.058,5,0.099,-0.418,0.134
E01001273,1693,9.462,8,0.045,-1.152,0.07
E01001274,1726,8.494,9,0.048,-1.333,-0.668
E01001275,1891,19.035,5,0.091,-0.348,0.549
E01001276,1852,20.56,5,0.128,-0.814,-0.149
E01001277,1969,17.535,6,0.108,-0.84,-0.082
E01001278,1933,23.769,4,0.135,-0.724,0.497
E01001279,1448,7.15,9,0.028,-0.877,-0.431
E01001280,1828,13.686,7,0.079,-0.886,-0.336
E01001281,1592,7.459,9,0.041,-0.929,-0.548
E01001282,1433,35.01,2,0.237,0.234,0.069
E01001283,1492,40.085,2,0.274,0.43,0.682
E01001284,1513,15.752,6,0.076,-0.513,0.801
E01001285,1767,23.184,4,0.154,-0.299,0.146
E01001286,1574,23.532,4,0.149,-0.06,-0.023
E01001287,1470,31.223,3,0.266,-0.334,-0.25
E01001288,1437,16.018,6,0.1,-0.341,-0.173
E01001289,1318,15.526,6,0.095,-0.477,-0.404
E01001290,1919,12.68,7,0.076,-0.554,-0.269
E01001291,1559,19.365,5,0.129,-0.679,0.197
E01001292,1631,13.864,7,0.086,-0.694,-0.033
E01001293,1585,17.362,6,0.113,-0.227,-0.366
E01001294,1885,22.485,4,0.156,-0.198,0.563
E01001295,1767,17.222,6,0.124,-0.416,-0.282
E01001296,1411,22.011,4,0.14,0.029,-0.083
E01001297,1749,23.36,4,0.144,0.147,0.256
E01001298,1862,27.974,3,0.163,0.808,0.264
E01001299,1740,8.007,9,0.052,-1.157,-0.518
E01001300,1635,8.87,8,0.044,-0.908,0.198
E01001301,1703,20.032,5,0.118,0.17,0.784
E01001302,1606,11.697,7,0.059,-0.946,0.608
E01001303,1644,9.914,8,0.051,-1.107,-0.036
E01001304,1618,14.074,7,0.097,-0.365,-0.186
E01001305,1633,7.673,9,0.046,-0.78,-0.384
E01001306,1646,8.308,9,0.056,-0.781,-0.503
E01001307,1913,11.103,8,0.067,-1.218,-0.061
E01001308,2018,11.391,7,0.069,-1.159,0.0
E01001309,1828,15.083,6,0.095,-0.799,0.409
E01001310,1834,18.59,5,0.125,-0.598,-0.021
E01001311,2069,28.942,3,0.204,-0.169,-0.187
E01001312,1865,16.657,6,0.105,-0.799,-0.084
E01001313,1696,13.693,7,0.089,-0.962,-0.107
E01001314,1573,10.954,8,0.063,-1.005,-0.282
E01001315,1448,18.255,5,0.123,-0.712,0.068
E01001316,1553,31.82,3,0.221,0.03,0.268
E01001317,1888,26.465,4,0.165,-0.191,0.196
E01001318,1721,36.013,2,0.247,0.257,0.813
E01001319,1467,18.036,5,0.11,-0.73,-0.401
E01001320,1526,41.628,2,0.276,0.055,0.531
E01001321,2080,26.07,4,0.154,-0.258,0.49
E01001322,1831,23.866,4,0.149,-0.584,0.892
E01001323,1776,23.054,4,0.115,-0.518,1.069
E01001324,1767,33.507,2,0.183,0.111,0.945
E01001325,1739,26.632,3,0.185,-0.084,0.483
E01001326,1783,33.051,3,0.194,-0.188,0.76
E01001327,1833,30.832,3,0.193,-0.102,0.779
E01001328,1800,33.629,2,0.194,0.051,1.006
E01001329,1830,24.129,4,0.175,-0.131,0.54
E01001330,1722,42.882,2,0.274,0.08,0.714
E01001331,1630,37.261,2,0.247,0.366,0.656
E01001332,1499,39.944,2,0.267,0.471,0.367
E01001333,2163,39.653,2,0.241,0.416,1.054
E01001334,1569,41.199,2,0.291,0.275,0.142
E01001335,1771,20.851,5,0.126,-0.262,0.488
E01001336,1603,24.895,4,0.168,-0.165,0.124
E01001337,1534,35.728,2,0.174,0.363,1.298
E01001338,1878,27.178,3,0.139,0.144,-0.019
E01001339,1467,35.644,2,0.238,-0.018,0.074
E01001340,1862,38.035,2,0.212,0.272,0.646
E01001341,1765,12.828,7,0.084,-0.978,-0.484
E01001342,1967,14.813,6,0.088,-0.754,-0.536
E01001343,1477,15.378,6,0.1,-0.955,-0.364
E01001344,2316,18.422,5,0.137,-0.759,-0.539
E01001345,1822,17.505,6,0.12,-0.539,-0.494
E01001346,1844,12.0,7,0.094,-1.175,-0.446
E01001347,1632,18.682,5,0.102,-0.792,-0.019
E01001348,1655,19.431,5,0.143,-0.657,0.271
E01001349,1406,33.598,2,0.176,0.301,1.167
E01001350,1457,16.166,6,0.084,-0.337,0.104
E01001351,1999,28.006,3,0.162,0.131,1.295
E01001352,1548,15.249,6,0.102,-0.934,0.254
E01001353,1542,23.368,4,0.139,-0.059,0.372
E01001354,2029,22.226,4,0.122,0.559,0.721
E01001355,1740,24.463,4,0.148,0.236,0.304
E01001356,1958,45.936,1,0.329,0.398,0.283
E01001357,1600,41.995,2,0.309,0.37,0.748
E01001358,1071,45.789,1,0.321,0.186,0.064
E01001359,2297,24.895,4,0.142,-0.197,0.381
E01001360,2021,29.132,3,0.146,-0.153,1.548
E01001361,2097,34.209,2,0.181,-0.078,1.246
E01001362,2137,29.18,3,0.157,0.102,0.313
E01001363,1779,26.151,4,0.145,-0.249,0.521
E01001364,1678,42.16,2,0.305,0.499,0.497
E01001365,2279,28.015,3,0.153,0.287,-0.139
E01001366,1984,28.541,3,0.169,-0.019,-0.096
E01001367,2133,30.306,3,0.189,-0.308,0.52
E01001368,1797,28.942,3,0.163,-0.041,0.709
E01001369,2007,24.898,4,0.146,-0.314,0.261
E01001370,2029,25.905,4,0.14,-0.202,0.699
E01001371,2326,27.142,3,0.166,-0.214,0.325
E01001372,2005,31.007,3,0.189,-0.061,0.162
E01001373,1789,26.285,4,0.173,-0.004,0.081
E01001374,1862,11.21,8,0.074,-0.584,-0.119
E01001375,1680,5.53,10,0.032,-1.248,0.161
E01001376,1562,23.916,4,0.19,-0.238,-0.063
E01001377,1722,8.237,9,0.042,-1.425,0.072
E01001379,1597,6.511,9,0.038,-0.943,-0.242
E01001380,1831,12.501,7,0.084,-0.793,-0.142
E01001381,1861,18.031,5,0.123,-0.568,-0.196
E01001382,1495,8.388,9,0.029,-0.935,0.202
E01001383,1680,11.57,7,0.071,-0.289,-0.223
E01001384,1669,9.84,8,0.071,-0.785,-0.146
E01001385,1681,8.565,9,0.063,-1.216,0.075
E01001386,1736,9.924,8,0.057,-0.805,-0.1
E01001387,1592,16.451,6,0.074,-0.343,0.06
E01001388,1500,34.821,2,0.205,0.299,1.075
E01001389,1730,21.071,5,0.13,-0.357,0.993
E01001390,2096,10.543,8,0.077,-1.346,-0.038
E01001391,1876,25.639,4,0.135,-0.243,0.423
E01001392,1929,10.702,8,0.066,-1.404,-0.371
E01001393,2180,19.095,5,0.113,-0.294,0.036
E01001394,1806,26.964,3,0.207,-0.543,0.486
E01001395,1659,35.279,2,0.233,-0.301,0.654
E01001396,1532,19.048,5,0.145,-0.823,0.508
E01001397,2239,24.623,4,0.188,-0.921,0.283
E01001398,1375,9.217,8,0.067,-0.813,-0.319
E01001399,1481,11.221,8,0.075,-1.024,0.131
E01001400,1624,10.379,8,0.069,-0.747,-0.501
E01001401,1375,12.406,7,0.077,-1.338,0.29
E01001402,1970,8.991,8,0.07,-1.25,-0.308
E01001403,1711,15.86,6,0.096,-0.761,-0.032
E01001404,1580,19.168,5,0.12,-0.677,0.434
E01001405,1865,12.081,7,0.092,-0.366,-0.435
E01001406,1635,24.464,4,0.151,-0.211,0.369
E01001407,1690,18.518,5,0.108,-0.88,0.711
E01001408,1713,16.678,6,0.108,-0.605,-0.194
E01001409,1995,34.902,2,0.224,-0.266,0.433
E01001410,1684,45.507,1,0.285,0.482,0.189
E01001411,1905,13.411,7,0.103,-0.959,-0.194
E01001412,1784,28.35,3,0.145,-0.754,0.763
E01001413,1633,7.768,9,0.05,-0.848,-0.23
E01001414,1576,42.821,2,0.277,0.188,-0.377
E01001415,1663,15.471,6,0.129,-0.837,0.249
E01001416,1713,7.674,9,0.061,-1.522,-0.6
E01001417,1803,8.251,9,0.033,-1.727,-0.668
E01001418,1738,21.09,5,0.151,-0.338,0.127
E01001419,2103,15.206,6,0.099,-0.988,0.23
E01001420,1660,26.371,4,0.157,-0.061,-0.051
E01001421,1655,26.74,3,0.19,-0.257,-0.172
E01001422,1656,7.863,9,0.024,-2.112,-0.829
E01001423,1990,31.815,3,0.208,-0.456,0.576
E01001424,1246,45.659,1,0.332,0.36,0.76
E01001425,2112,48.205,1,0.298,-0.03,1.579
E01001426,1968,41.035,2,0.246,0.224,1.178
E01001427,1992,42.558,2,0.286,-0.193,0.56
E01001428,1812,38.085,2,0.242,-0.189,0.422
E01001429,2554,46.391,1,0.312,0.353,1.063
E01001430,1914,42.061,2,0.297,-0.239,0.533
E01001431,1796,43.347,2,0.283,-0.126,0.648
E01001432,2070,39.635,2,0.239,-0.051,0.901
E01001433,1908,36.086,2,0.23,-0.099,0.047
E01001434,1610,28.191,3,0.172,-0.361,0.441
E01001435,1500,26.237,4,0.165,-0.55,0.841
E01001436,1907,28.56,3,0.222,-0.427,0.325
E01001437,2579,38.766,2,0.269,0.119,-0.339
E01001438,1678,34.949,2,0.246,-0.242,0.771
E01001439,2239,35.255,2,0.251,-0.443,0.586
E01001440,1678,30.551,3,0.206,-0.525,0.866
E01001441,1654,37.103,2,0.239,-0.173,0.989
E01001442,1814,44.482,1,0.314,0.466,0.256
E01001444,1794,22.75,4,0.137,-0.474,0.323
E01001445,2961,29.846,3,0.208,-0.704,0.181
E01001446,1875,27.924,3,0.188,-0.514,0.147
E01001447,2051,42.79,2,0.302,0.106,0.214
E01001448,1860,30.162,3,0.224,-0.352,0.156
E01001449,1697,29.422,3,0.217,-0.484,0.164
E01001450,2105,21.426,5,0.134,-0.531,0.399
E01001451,1623,16.806,6,0.068,-1.371,1.078
E01001452,1400,11.358,7,0.061,-1.284,-0.166
E01001453,1809,6.185,9,0.032,-1.749,-0.771
E01001454,1710,9.141,8,0.063,-1.282,-0.602
E01001455,1521,11.174,8,0.068,-0.868,-0.711
E01001456,1404,5.686,10,0.052,-1.567,-0.587
E01001457,1668,13.891,7,0.091,-0.634,-1.011
E01001458,1875,40.254,2,0.268,0.021,0.283
E01001459,1750,23.802,4,0.174,-0.908,0.413
E01001460,2005,38.272,2,0.236,-0.148,0.592
E01001461,1842,40.049,2,0.289,-0.2,0.345
E01001462,1429,35.063,2,0.254,-0.663,0.577
E01001463,1664,22.651,4,0.176,-0.57,0.163
E01001464,1357,38.337,2,0.276,0.017,0.167
E01001465,1620,24.442,4,0.151,-0.835,0.193
E01001466,1814,28.341,3,0.203,-0.569,0.249
E01001467,1932,26.454,4,0.185,-0.792,0.106
E01001468,1315,29.819,3,0.136,0.432,0.067
E01001469,1727,23.277,4,0.139,-0.703,-0.538
E01001470,1625,10.556,8,0.078,-1.304,-0.704
E01001471,1905,17.36,6,0.11,-0.866,-0.608
E01001472,1733,13.774,7,0.1,-1.211,-0.654
E01001473,1567,15.973,6,0.122,-0.668,-0.374
E01001474,1908,13.064,7,0.077,-1.217,-0.234
E01001475,1692,7.273,9,0.055,-1.293,-0.886
E01001476,1854,28.029,3,0.205,-0.476,0.324
E01001477,1895,34.984,2,0.221,-0.117,0.385
E01001478,1553,25.908,4,0.145,0.002,0.342
E01001479,1862,33.274,2,0.219,-0.231,0.516
E01001480,1625,30.603,3,0.193,0.028,0.314
E01001481,1709,26.529,4,0.185,-0.324,0.221
E01001482,1940,38.527,2,0.243,-0.253,0.693
E01001483,1251,53.716,1,0.345,0.412,0.688
E01001484,1389,24.503,4,0.149,-0.617,0.579
E01001485,1979,37.13,2,0.231,-0.254,0.893
E01001486,2287,41.507,2,0.294,-0.213,0.315
E01001487,1979,35.047,2,0.226,-0.23,0.411
E01001488,2024,30.484,3,0.21,-0.569,0.57
E01001489,1951,30.915,3,0.188,-0.37,0.541
E01001491,2055,32.824,3,0.215,-0.264,0.473
E01001492,2093,32.044,3,0.212,-0.445,0.761
E01001493,1902,29.242,3,0.178,-0.097,-0.38
E01001494,1525,15.474,6,0.116,-0.724,-0.377
E01001495,1910,12.544,7,0.079,-1.004,0.095
E01001496,1726,14.271,6,0.101,-0.875,-0.147
E01001497,1476,23.466,4,0.177,-0.698,0.43
E01001498,2036,17.405,6,0.12,-0.743,0.196
E01001499,1550,24.023,4,0.171,-0.281,0.23
E01001500,1601,19.827,5,0.12,-0.688,0.67
E01001501,2068,26.291,4,0.166,-0.129,0.579
E01001502,1895,31.213,3,0.202,-0.489,0.64
E01001503,1989,28.155,3,0.204,-0.44,0.466
E01001504,1496,30.29,3,0.185,-0.296,0.5
E01001505,1688,33.573,2,0.232,-0.138,0.435
E01001506,1616,38.67,2,0.265,0.002,0.739
E01001507,2016,40.471,2,0.257,-0.279,0.914
E01001508,2082,31.854,3,0.224,-0.29,0.541
E01001509,1853,34.342,2,0.217,-0.766,0.336
E01001510,1055,47.177,1,0.307,0.505,0.515
E01001511,1799,21.859,4,0.13,-0.484,0.857
E01001512,2136,18.403,5,0.121,-0.845,-0.109
E01001513,1811,33.421,2,0.231,-0.086,0.689
E01001514,1854,21.731,4,0.15,-0.67,-0.13
E01001515,2043,37.118,2,0.25,0.177,-0.032
E01001516,1836,28.911,3,0.187,-0.273,0.046
E01001517,1917,48.739,1,0.334,0.293,0.468
E01001518,1882,22.402,4,0.148,-0.418,0.838
E01001519,2675,13.242,7,0.122,-1.205,-0.578
E01001520,1781,17.439,6,0.118,-0.781,-0.251
E01001521,1889,8.942,8,0.061,-1.309,-0.322
E01001522,2010,14.078,7,0.12,-0.922,-0.466
E01001523,1801,8.803,8,0.065,-1.129,-0.08
E01001524,1669,21.144,5,0.151,-0.56,-0.6
E01001525,1944,16.784,6,0.107,-0.535,0.052
E01001526,1687,10.158,8,0.056,-1.439,-1.061
E01001527,1680,15.807,6,0.096,-0.74,0.324
E01001528,1331,34.923,2,0.229,-0.209,0.34
E01001529,1771,32.233,3,0.223,0.309,0.692
E01001530,1500,20.501,5,0.128,-0.834,0.451
E01001531,1524,8.429,9,0.047,-1.452,-0.401
E01001532,1707,8.506,9,0.056,-1.688,-0.37
E01001533,1474,7.078,9,0.054,-0.96,-0.528
E01001534,1670,11.197,8,0.061,-1.378,0.469
E01001535,1464,14.357,6,0.083,-1.091,0.746
E01001536,1850,18.752,5,0.116,-0.585,0.545
E01001537,1773,11.559,7,0.095,-0.892,-0.552
E01001538,1642,11.124,8,0.063,-1.086,-0.223
E01001539,1659,15.185,6,0.102,-0.657,0.211
E01001540,1807,14.261,6,0.107,-0.599,-0.39
E01001541,1523,9.711,8,0.063,-0.944,-0.429
E01001542,1600,18.608,5,0.139,-0.743,-0.54
E01001543,1599,9.625,8,0.067,-1.005,-0.75
E01001544,1659,9.567,8,0.068,-0.875,-0.669
E01001545,1897,45.483,1,0.31,0.29,0.812
E01001546,1897,27.925,3,0.189,-0.005,-0.199
E01001547,2030,29.152,3,0.194,-0.517,0.672
E01001548,1916,32.093,3,0.227,-0.639,0.553
E01001549,2072,42.876,2,0.3,-0.292,0.597
E01001550,1680,36.024,2,0.248,0.166,0.286
E01001551,1782,42.143,2,0.233,0.051,1.015
E01001552,1845,26.37,4,0.144,-0.729,0.461
E01001553,1772,38.285,2,0.231,-0.107,0.441
E01001554,1941,42.024,2,0.287,-0.089,1.077
E01001555,2039,34.676,2,0.205,-0.509,1.195
E01001556,1691,19.27,5,0.129,-0.783,-0.277
E01001557,1734,30.164,3,0.204,-0.354,0.445
E01001558,1781,39.726,2,0.232,-0.177,1.219
E01001559,2244,41.09,2,0.236,0.051,1.012
E01001560,1671,34.488,2,0.2,-0.351,1.023
E01001562,2231,46.641,1,0.294,0.743,-0.073
E01001563,1728,16.576,6,0.118,-0.726,-0.056
E01001564,1666,10.265,8,0.071,-0.642,-0.123
E01001565,1806,16.271,6,0.119,-0.962,-0.053
E01001566,1686,13.927,7,0.088,-0.431,-0.234
E01001567,1634,6.287,9,0.035,-1.28,-0.824
E01001568,1532,9.832,8,0.046,-1.441,0.202
E01001569,1954,10.386,8,0.074,-1.434,-0.414
E01001570,2014,17.923,5,0.124,-0.576,0.211
E01001571,1793,17.934,5,0.104,-0.022,0.581
E01001572,1827,15.488,6,0.103,-0.594,0.2
E01001573,1619,15.713,6,0.096,-0.437,0.483
E01001574,2089,39.32,2,0.244,0.717,0.678
E01001575,1717,47.53,1,0.328,1.202,0.847
E01001576,1855,39.498,2,0.281,0.656,0.795
E01001577,2085,33.562,2,0.204,0.423,1.047
E01001578,2302,26.804,3,0.19,-0.157,0.737
E01001579,1648,37.671,2,0.258,0.604,0.728
E01001580,1733,10.762,8,0.054,-1.118,0.779
E01001581,1634,20.417,5,0.146,0.012,0.526
E01001582,1490,23.276,4,0.151,-0.238,1.036
E01001583,1638,13.467,7,0.061,-0.783,0.417
E01001584,1543,8.831,8,0.055,-0.949,-0.259
E01001585,1504,12.942,7,0.075,-0.131,0.177
E01001586,1453,24.143,4,0.148,-0.105,0.842
E01001587,2165,12.083,7,0.069,-0.693,-0.048
E01001588,1729,36.01,2,0.196,0.338,1.673
E01001589,1833,27.748,3,0.177,-0.139,0.58
E01001590,1741,18.27,5,0.132,-0.373,0.504
E01001591,2076,31.725,3,0.222,0.606,0.401
E01001592,1843,14.689,6,0.082,-0.385,0.296
E01001593,1751,11.428,7,0.06,-0.431,0.053
E01001594,1992,36.347,2,0.287,0.476,0.159
E01001595,2226,23.247,4,0.158,-0.332,0.565
E01001596,1609,9.357,8,0.056,-0.589,-0.226
E01001597,1613,15.157,6,0.089,-0.465,0.496
E01001598,1605,14.161,7,0.092,-0.528,0.511
E01001599,1793,17.402,6,0.094,-0.416,0.619
E01001600,1649,13.508,7,0.09,-0.484,0.144
E01001601,1563,10.965,8,0.076,-0.374,-0.368
E01001602,1956,32.404,3,0.209,0.456,0.71
E01001603,1736,36.698,2,0.228,0.686,0.536
E01001604,1499,13.453,7,0.077,-0.254,0.374
E01001605,1637,7.194,9,0.035,-0.989,-0.318
E01001606,1696,6.397,9,0.042,-1.078,-0.597
E01001607,1618,17.855,5,0.12,-0.408,0.282
E01001608,1486,14.25,6,0.057,-0.657,0.107
E01001609,1678,21.984,4,0.127,0.023,0.735
E01001610,1703,12.889,7,0.087,-0.31,-0.375
E01001611,1732,18.934,5,0.12,-0.042,-0.327
E01001613,1639,20.04,5,0.147,-0.399,0.555
E01001614,1446,8.565,9,0.038,-1.045,0.514
E01001615,1588,20.234,5,0.117,-0.176,1.01
E01001617,1631,8.775,8,0.054,-0.759,0.125
E01001618,1758,23.606,4,0.152,0.127,0.502
E01001619,1954,14.743,6,0.113,-0.162,-0.061
E01001620,1561,31.693,3,0.192,0.462,0.596
E01001621,1691,31.869,3,0.188,0.137,0.995
E01001623,1785,24.743,4,0.123,-0.08,0.723
E01001624,1523,25.331,4,0.153,0.003,0.625
E01001625,1647,40.633,2,0.248,0.424,0.86
E01001629,2376,30.377,3,0.205,-0.075,0.393
E01001631,2260,34.131,2,0.264,0.285,0.207
E01001632,2624,18.55,5,0.134,-0.295,-0.111
E01001633,1663,34.156,2,0.245,0.545,0.5
E01001634,1740,41.733,2,0.274,0.694,0.54
E01001635,1737,23.232,4,0.141,0.078,1.014
E01001636,1878,25.682,4,0.169,0.213,-0.213
E01001637,1963,27.056,3,0.187,0.021,0.438
E01001638,2106,28.086,3,0.203,0.633,0.022
E01001640,3227,30.555,3,0.236,0.444,0.952
E01001641,1873,16.332,6,0.096,-0.716,0.759
E01001642,1693,11.497,7,0.048,-1.165,1.036
E01001644,2339,17.25,6,0.103,-0.327,0.448
E01001645,1650,27.85,3,0.197,0.244,0.459
E01001646,2657,25.032,4,0.188,0.037,-0.202
E01001647,1474,21.637,4,0.1,-0.272,1.296
E01001648,1708,19.236,5,0.101,-0.327,0.803
E01001649,1619,35.196,2,0.218,-0.007,0.893
E01001650,1793,31.966,3,0.199,0.336,0.693
E01001651,1742,43.603,2,0.24,0.567,1.577
E01001652,1631,17.489,6,0.105,-0.139,0.825
E01001653,1631,40.929,2,0.282,0.33,0.433
E01001654,1602,39.916,2,0.247,0.352,0.481
E01001655,1672,42.546,2,0.265,0.644,0.659
E01001656,1313,18.273,5,0.138,-0.105,-0.205
E01001657,1728,11.265,8,0.072,-0.839,0.158
E01001658,1689,18.198,5,0.128,-0.495,0.134
E01001659,1446,20.724,5,0.093,0.055,0.546
E01001660,1678,33.571,2,0.19,0.085,0.813
E01001661,1581,35.08,2,0.187,0.399,1.171
E01001662,2077,22.073,4,0.144,-0.248,1.065
E01001664,1939,21.316,5,0.111,0.095,0.334
E01001665,2052,17.153,6,0.091,-0.091,0.714
E01001666,1492,25.344,4,0.14,0.316,0.945
E01001667,1568,42.578,2,0.25,0.752,1.834
E01001668,2722,26.89,3,0.183,0.022,0.763
E01001669,2152,27.835,3,0.193,-0.38,0.662
E01001671,1687,22.947,4,0.173,-0.147,0.332
E01001672,2027,27.142,3,0.188,-0.455,0.814
E01001673,2061,35.883,2,0.25,0.614,1.187
E01001674,2198,22.128,4,0.152,-0.755,0.486
E01001675,2118,28.69,3,0.196,0.17,0.729
E01001676,1963,28.338,3,0.185,0.388,0.265
E01001677,2258,19.733,5,0.139,-0.401,0.073
E01001678,1723,14.09,7,0.091,-0.324,-0.288
E01001679,1501,13.493,7,0.086,-0.46,0.151
E01001680,1595,8.857,8,0.051,-0.837,0.31
E01001681,1345,18.3,5,0.113,-0.14,0.596
E01001682,1412,18.224,5,0.104,0.046,0.517
E01001683,1597,22.811,4,0.157,0.168,0.037
E01001684,1426,24.72,4,0.168,-0.194,0.667
E01001685,1605,17.339,6,0.125,-0.338,0.274
E01001686,1802,20.534,5,0.169,-0.132,0.035
E01001687,1287,35.651,2,0.203,0.224,1.589
E01001688,2829,26.616,3,0.177,0.831,0.087
E01001690,2120,29.707,3,0.195,-0.014,-0.009
E01001692,1517,30.003,3,0.222,0.038,-0.117
E01001693,1785,33.676,2,0.258,0.037,0.511
E01001694,1920,23.21,4,0.17,0.025,0.49
E01001695,1519,36.783,2,0.239,0.667,0.821
E01001696,1302,36.797,2,0.259,0.592,1.149
E01001697,2459,33.943,2,0.224,0.362,0.652
E01001698,1931,29.548,3,0.236,-0.067,0.486
E01001699,1604,24.705,4,0.132,0.434,0.105
E01001700,2098,31.145,3,0.203,0.331,0.544
E01001701,1729,29.43,3,0.167,0.716,0.534
E01001702,1681,37.853,2,0.29,0.328,0.272
E01001703,2003,31.821,3,0.243,0.457,0.27
E01001704,1645,23.517,4,0.139,0.049,0.49
E01001705,2144,32.594,3,0.206,0.404,0.456
E01001706,1374,39.488,2,0.269,0.58,0.715
E01001708,1653,20.619,5,0.127,-0.009,-0.073
E01001709,1210,37.34,2,0.268,0.664,0.576
E01001710,1819,33.511,2,0.259,0.391,0.003
E01001711,1414,27.849,3,0.18,0.295,0.433
E01001712,2221,31.332,3,0.206,0.701,0.555
E01001713,1695,37.076,2,0.278,0.264,0.663
E01001714,1580,44.248,1,0.3,0.356,0.816
E01001715,1401,28.349,3,0.148,0.139,0.869
E01001716,1529,37.112,2,0.216,0.874,0.678
E01001717,1266,27.475,3,0.162,0.284,0.188
E01001718,1870,20.149,5,0.072,-0.293,1.098
E01001719,1160,35.72,2,0.233,1.073,0.199
E01001720,1999,19.773,5,0.094,0.162,0.545
E01001722,2358,31.702,3,0.213,0.137,0.514
E01001723,2099,22.842,4,0.15,0.206,-0.124
E01001724,2431,25.324,4,0.144,0.238,0.136
E01001725,1948,26.575,3,0.172,-0.174,-0.108
E01001726,1441,32.84,3,0.252,0.444,-0.226
E01001727,1973,22.608,4,0.124,0.163,-0.267
E01001728,2107,30.577,3,0.215,-0.055,-0.135
E01001729,2135,42.01,2,0.292,1.05,0.011
E01001730,2266,45.752,1,0.307,0.408,0.858
E01001731,2931,31.157,3,0.16,0.102,1.149
E01001732,1990,39.137,2,0.288,0.417,0.605
E01001733,1868,32.404,3,0.147,0.488,1.413
E01001734,1800,36.255,2,0.197,0.483,1.569
E01001735,1706,35.185,2,0.21,0.572,1.427
E01001736,1631,21.541,5,0.134,0.143,0.397
E01001737,1813,24.573,4,0.15,0.336,0.253
E01001738,1823,22.939,4,0.137,0.32,0.329
E01001739,2115,25.798,4,0.141,0.482,0.763
E01001740,1523,43.901,1,0.31,0.83,0.874
E01001741,1609,17.772,5,0.1,-0.296,0.601
E01001742,1985,28.995,3,0.187,0.745,0.494
E01001744,2051,32.017,3,0.2,0.467,0.925
E01001745,2310,36.826,2,0.27,0.603,0.346
E01001746,1668,35.266,2,0.27,0.489,-0.782
E01001747,2360,31.063,3,0.16,1.035,1.209
E01001748,2654,32.844,3,0.177,0.256,1.341
E01001749,1595,31.098,3,0.155,0.651,0.808
E01001750,2173,36.039,2,0.228,0.362,1.31
E01001751,1742,18.737,5,0.059,-0.302,0.926
E01001752,2695,26.838,3,0.121,0.21,0.097
E01001753,1708,35.92,2,0.239,0.218,0.615
E01001754,3449,31.459,3,0.177,-0.291,0.649
E01001755,1795,40.073,2,0.247,1.05,0.612
E01001756,2257,23.435,4,0.078,-0.164,1.108
E01001757,1824,31.873,3,0.249,0.225,0.034
E01001758,2274,38.882,2,0.281,0.513,0.869
E01001759,1893,28.934,3,0.173,0.41,0.602
E01001760,1796,39.233,2,0.224,0.706,1.722
E01001761,1725,47.161,1,0.321,1.147,0.834
E01001762,1943,27.09,3,0.138,0.391,0.34
E01001763,2241,22.12,4,0.13,-0.273,0.316
E01001764,2039,28.73,3,0.192,0.104,0.466
E01001765,1886,43.409,2,0.289,0.932,0.393
E01001767,1697,33.95,2,0.205,0.395,1.131
E01001768,1954,24.277,4,0.142,-0.032,0.398
E01001769,1635,26.759,3,0.163,0.19,0.973
E01001770,1965,34.261,2,0.222,0.582,0.733
E01001772,1305,41.78,2,0.28,0.592,1.0
E01001773,2294,38.205,2,0.233,0.516,1.191
E01001774,2222,28.204,3,0.182,0.107,0.74
E01001775,1933,39.266,2,0.252,0.788,0.921
E01001776,1404,45.938,1,0.295,0.65,0.981
E01001777,2247,34.27,2,0.176,0.698,1.064
E01001779,2722,30.639,3,0.188,0.178,0.298
E01001780,1861,37.728,2,0.225,0.286,1.386
E01001781,1700,44.66,1,0.274,0.951,0.987
E01001782,2536,21.076,5,0.128,-0.497,-0.032
E01001783,1930,38.594,2,0.256,0.638,0.636
E01001784,2411,26.639,3,0.182,0.139,0.079
E01001785,1617,30.74,3,0.178,0.309,1.068
E01001786,2164,37.939,2,0.291,0.194,0.479
E01001787,1640,43.42,2,0.31,0.874,0.448
E01001788,1645,42.475,2,0.297,0.927,0.23
E01001789,1783,27.673,3,0.172,0.416,0.466
E01001790,1290,51.961,1,0.38,0.99,0.013
E01001791,1490,32.227,3,0.204,0.669,0.505
E01001792,2013,32.729,3,0.189,0.434,1.236
E01001793,1736,24.873,4,0.151,-0.161,0.435
E01001794,2087,26.492,4,0.135,-0.001,0.767
E01001795,1446,31.452,3,0.15,0.363,1.296
E01001796,1878,28.427,3,0.134,0.187,0.372
E01001798,1795,46.437,1,0.312,0.773,1.203
E01001799,1659,26.539,4,0.137,-0.141,-0.144
E01001800,1764,39.15,2,0.252,0.609,0.034
E01001801,1740,31.423,3,0.204,0.468,-0.163
E01001802,1404,33.522,2,0.233,0.276,0.116
E01001803,2033,15.695,6,0.075,-0.026,-0.353
E01001804,1625,26.466,4,0.146,0.032,-0.901
E01001805,1306,27.222,3,0.137,0.016,1.151
E01001806,1578,29.992,3,0.187,0.477,0.913
E01001807,2025,29.104,3,0.187,-0.075,0.172
E01001808,2084,30.857,3,0.133,-0.107,0.217
E01001809,2234,26.652,3,0.137,-0.275,0.039
E01001811,1373,48.58,1,0.34,0.606,0.715
E01001812,1941,29.842,3,0.179,-0.025,0.605
E01001813,1534,48.476,1,0.3,0.361,1.229
E01001814,1640,32.729,3,0.177,0.566,0.505
E01001815,1846,36.758,2,0.26,0.522,0.427
E01001816,1676,25.206,4,0.167,0.236,0.709
E01001819,1758,27.879,3,0.2,0.391,0.507
E01001820,1448,41.027,2,0.269,0.449,0.597
E01001821,1452,43.173,2,0.259,0.965,1.125
E01001822,1783,45.667,1,0.296,0.72,0.799
E01001823,1971,28.315,3,0.168,0.152,-0.571
E01001824,1785,33.87,2,0.195,0.039,0.439
E01001825,1650,26.92,3,0.123,-0.465,-0.46
E01001826,1767,34.25,2,0.213,0.449,-0.413
E01001827,2166,36.874,2,0.243,0.372,0.17
E01001828,2241,34.2,2,0.248,0.333,0.25
E01001829,1850,16.477,6,0.078,-0.251,0.756
E01001830,2003,32.425,3,0.2,0.528,0.644
E01001831,1714,29.178,3,0.161,0.414,1.017
E01001832,1753,28.103,3,0.141,0.282,1.02
E01001833,2523,31.832,3,0.203,0.479,0.259
E01001834,1996,30.766,3,0.195,0.483,0.584
E01001835,1293,21.313,5,0.1,0.254,1.1
E01001836,2096,26.182,4,0.16,0.19,0.453
E01001837,1568,17.083,6,0.086,0.026,0.654
E01001838,1739,46.392,1,0.341,0.595,0.616
E01001839,2685,38.772,2,0.195,1.216,0.905
E01001840,1784,40.008,2,0.262,0.964,0.91
E01001841,1556,31.696,3,0.197,0.469,0.53
E01001842,1597,39.524,2,0.284,0.533,0.952
E01001843,1347,32.022,3,0.182,0.675,0.738
E01001844,2186,26.949,3,0.14,0.096,1.029
E01001845,1553,50.985,1,0.33,1.017,0.579
E01001846,1293,46.735,1,0.267,1.126,1.661
E01001847,1420,56.261,1,0.317,1.57,1.297
E01001848,1811,39.884,2,0.24,0.932,1.21
E01001849,2591,34.104,2,0.208,0.547,0.777
E01001850,1814,42.961,2,0.299,0.68,0.661
E01001851,1651,13.267,7,0.071,-0.584,0.473
E01001852,1784,16.762,6,0.101,-0.337,0.331
E01001853,1496,20.791,5,0.1,-0.079,0.884
E01001854,1713,19.308,5,0.129,-0.235,0.24
E01001855,1661,18.446,5,0.105,-0.182,0.271
E01001856,1621,31.549,3,0.204,0.464,0.606
E01001857,1479,39.967,2,0.268,0.326,1.365
E01001858,1700,30.675,3,0.189,0.582,0.764
E01001859,2602,20.236,5,0.186,-0.22,-0.738
E01001860,1831,31.87,3,0.209,0.153,0.709
E01001861,1480,30.192,3,0.222,0.294,0.769
E01001862,1790,32.679,3,0.224,0.537,0.493
E01001863,1525,18.964,5,0.115,-0.203,0.676
E01001864,1531,28.795,3,0.169,0.768,0.518
E01001865,1747,13.639,7,0.094,-0.456,0.07
E01001866,1553,14.104,7,0.078,-1.076,0.707
E01001867,1352,13.678,7,0.12,-0.216,-0.74
E01001868,1283,35.865,2,0.221,0.159,0.84
E01001869,1396,14.292,6,0.072,-0.2,0.326
E01001870,1835,16.892,6,0.096,-0.003,-0.45
E01001871,1619,12.278,7,0.091,-0.874,-0.548
E01001872,1569,15.605,6,0.083,-0.328,0.205
E01001873,1406,22.705,4,0.165,0.018,0.13
E01001874,2509,23.89,4,0.132,0.572,-0.345
E01001875,1831,33.544,2,0.215,0.24,0.804
E01001876,1881,37.345,2,0.208,0.905,0.28
E01001877,1322,33.33,2,0.202,0.456,0.743
E01001878,1584,34.751,2,0.241,0.57,0.085
E01001879,1420,22.554,4,0.159,0.039,0.19
E01001880,1486,21.14,5,0.159,0.07,0.559
E01001881,1794,14.937,6,0.06,-0.158,0.923
E01001882,1699,13.532,7,0.078,-0.727,0.35
E01001883,1395,23.378,4,0.17,0.565,-0.105
E01001884,1884,25.958,4,0.152,0.462,0.715
E01001885,1190,50.627,1,0.365,1.127,0.644
E01001886,1468,25.873,4,0.172,0.379,0.645
E01001887,1471,23.246,4,0.173,0.15,0.258
E01001888,1589,10.795,8,0.064,-0.518,-0.004
E01001889,1345,19.908,5,0.075,-0.333,1.415
E01001890,1822,13.675,7,0.061,-0.475,-0.289
E01001891,2112,11.44,7,0.037,-0.488,-0.033
E01001892,1327,28.411,3,0.193,0.425,-0.109
E01001893,1114,33.791,2,0.255,0.402,0.514
E01001894,1282,30.447,3,0.204,0.234,0.422
E01001895,1493,19.524,5,0.119,-0.181,0.404
E01001896,1528,22.043,4,0.153,-0.035,0.51
E01001897,1455,15.457,6,0.086,-0.168,0.602
E01001898,1627,22.222,4,0.129,0.345,0.141
E01001899,1360,43.244,2,0.262,1.125,0.715
E01001900,1698,36.348,2,0.217,1.194,0.364
E01001901,1662,10.834,8,0.061,-0.469,-0.223
E01001902,1648,15.69,6,0.092,0.194,-0.267
E01001903,1625,25.552,4,0.181,0.227,0.195
E01001904,1589,9.473,8,0.048,-0.81,0.127
E01001905,1673,7.147,9,0.044,-0.738,-0.224
E01001906,1377,9.619,8,0.061,-0.704,0.159
E01001907,1277,11.551,7,0.058,-0.26,0.63
E01001908,1549,17.008,6,0.08,0.088,0.396
E01001909,1925,22.51,4,0.14,0.355,0.494
E01001910,1433,18.415,5,0.104,-0.202,-0.225
E01001911,1805,34.648,2,0.285,0.585,-0.31
E01001912,1618,35.515,2,0.263,0.578,0.452
E01001913,1530,10.792,8,0.037,-0.102,0.345
E01001914,1702,19.977,5,0.106,0.039,0.287
E01001915,1569,12.938,7,0.05,-0.742,0.697
E01001916,1385,6.849,9,0.024,-1.634,0.214
E01001917,1427,15.582,6,0.111,-0.102,0.214
E01001918,1529,10.542,8,0.075,-0.347,0.133
E01001919,1576,8.626,8,0.052,-0.876,0.429
E01001920,1467,31.102,3,0.196,0.601,0.626
E01001921,1572,19.082,5,0.092,-0.681,1.089
E01001922,1603,12.078,7,0.062,-1.334,0.855
E01001923,1557,17.635,6,0.099,-0.796,0.663
E01001924,1735,9.181,8,0.033,-1.433,0.504
E01001925,1695,9.021,8,0.047,-1.156,0.142
E01001926,1427,6.578,9,0.033,-1.029,0.035
E01001927,1473,9.468,8,0.043,-0.868,0.188
E01001928,1614,20.584,5,0.13,-0.039,0.706
E01001929,1338,12.281,7,0.07,-0.489,0.27
E01001930,1851,31.034,3,0.158,0.736,0.635
E01001931,1307,18.489,5,0.098,0.166,0.236
E01001932,1570,25.92,4,0.128,0.014,1.034
E01001933,1292,20.872,5,0.123,-0.563,0.685
E01001934,1686,23.795,4,0.225,-0.279,-0.66
E01001935,2047,16.976,6,0.112,-0.217,0.469
E01001937,1866,13.307,7,0.06,-0.703,0.647
E01001938,1579,27.478,3,0.222,-0.174,0.505
E01001939,2554,21.07,5,0.168,-0.398,0.017
E01001940,1518,34.773,2,0.225,0.572,1.049
E01001941,1745,30.224,3,0.155,0.643,0.856
E01001942,1821,24.159,4,0.142,0.248,0.706
E01001943,1959,33.034,3,0.162,0.373,1.387
E01001944,1739,43.021,2,0.304,0.624,-0.222
E01001945,1647,25.101,4,0.167,0.113,0.803
E01001946,1564,21.955,4,0.164,0.337,-1.041
E01001947,1472,37.614,2,0.281,0.673,0.362
E01001948,1939,14.586,6,0.084,-0.665,0.081
E01001949,1509,8.026,9,0.041,-0.873,0.058
E01001950,1505,9.705,8,0.035,-0.698,0.547
E01001951,1623,17.389,6,0.089,-0.245,0.625
E01001952,1643,15.715,6,0.087,0.093,-0.128
E01001953,1279,22.092,4,0.145,0.329,0.475
E01001954,1488,27.358,3,0.199,0.402,0.717
E01001955,1961,37.986,2,0.268,0.327,1.072
E01001956,1534,27.284,3,0.188,-0.101,0.67
E01001957,1574,38.797,2,0.299,0.35,0.071
E01001958,1604,38.666,2,0.314,0.287,-0.127
E01001959,1663,40.084,2,0.249,0.657,0.832
E01001960,1987,18.411,5,0.124,-0.122,0.291
E01001961,1500,41.84,2,0.331,0.442,0.564
E01001962,1804,15.503,6,0.109,-0.619,0.224
E01001963,1818,8.6,9,0.055,-0.909,0.134
E01001964,1662,14.801,6,0.077,-0.772,0.423
E01001965,1705,11.266,8,0.083,-0.701,-0.497
E01001966,1463,13.306,7,0.047,-1.206,1.436
E01001967,1571,8.872,8,0.051,-0.71,-0.292
E01001968,1743,11.166,8,0.059,-0.687,0.191
E01001969,2019,27.037,3,0.169,-0.107,0.563
E01001970,2177,26.984,3,0.197,0.029,0.714
E01001971,1992,37.858,2,0.249,0.606,0.783
E01001972,1786,26.384,4,0.17,0.043,0.407
E01001973,2469,18.289,5,0.114,-0.719,0.259
E01001974,2310,19.494,5,0.093,-0.694,0.529
E01001975,1984,21.262,5,0.114,-0.374,0.196
E01001976,1697,37.877,2,0.209,-0.082,1.003
E01001977,1618,41.128,2,0.256,0.394,0.866
E01001978,1956,40.391,2,0.243,0.011,1.403
E01001979,2497,41.479,2,0.245,0.01,1.706
E01001980,2042,28.46,3,0.187,-0.09,0.707
E01001981,1845,29.7,3,0.173,-0.258,0.848
E01001982,1871,32.02,3,0.184,0.076,0.744
E01001983,1658,27.617,3,0.17,0.197,0.751
E01001984,1757,19.562,5,0.123,0.3,0.15
E01001985,1722,10.007,8,0.05,-0.993,0.364
E01001986,1611,12.447,7,0.083,-0.567,-0.092
E01001987,1835,9.497,8,0.042,-1.068,0.247
E01001988,1757,16.053,6,0.078,-0.436,0.518
E01001989,1747,14.789,6,0.088,-0.599,0.706
E01001990,2202,15.635,6,0.066,-0.409,0.32
E01001991,1675,14.98,6,0.069,-0.131,0.336
E01001992,1768,7.588,9,0.038,-1.047,-0.088
E01001993,1622,6.707,9,0.029,-0.808,0.054
E01001994,1728,10.117,8,0.073,-0.992,-0.591
E01001995,2479,26.161,4,0.2,-0.086,-0.026
E01001996,1710,9.706,8,0.058,-0.845,-0.18
E01001997,1548,14.708,6,0.055,-0.841,0.868
E01001998,2226,17.544,6,0.102,-0.437,0.317
E01001999,2193,26.638,3,0.146,-0.002,1.142
E01002000,1763,18.695,5,0.127,-0.137,0.284
E01002001,1749,20.744,5,0.119,-0.17,0.305
E01002002,1761,38.664,2,0.183,0.291,2.377
E01002003,2425,36.814,2,0.204,0.262,1.192
E01002004,2032,18.37,5,0.12,-0.358,0.193
E01002005,1536,16.075,6,0.062,-0.105,-0.07
E01002006,1562,15.629,6,0.083,-0.501,0.108
E01002007,1550,11.806,7,0.052,-0.988,0.222
E01002008,1402,9.139,8,0.049,-1.114,-0.082
E01002009,1576,12.302,7,0.038,-1.316,0.351
E01002010,1608,20.128,5,0.126,-0.173,0.542
E01002011,1591,21.45,5,0.118,-0.495,0.922
E01002013,1435,12.132,7,0.075,-0.35,0.101
E01002014,1686,21.567,4,0.157,0.121,0.407
E01002015,1516,26.278,4,0.196,0.178,0.311
E01002016,1906,21.589,4,0.163,0.092,0.217
E01002017,1935,23.523,4,0.134,-0.447,0.936
E01002018,1445,26.666,3,0.189,0.314,0.308
E01002019,1479,7.683,9,0.037,-1.221,0.416
E01002020,1579,17.157,6,0.097,-0.305,0.683
E01002021,1451,10.351,8,0.068,-0.584,-0.212
E01002022,1850,14.395,6,0.063,-0.664,0.828
E01002023,1437,15.478,6,0.067,-0.255,0.908
E01002024,1406,17.848,5,0.108,-0.07,0.683
E01002025,1607,7.925,9,0.026,-1.317,-0.269
E01002026,1779,46.325,1,0.293,0.269,1.663
E01002027,1592,29.949,3,0.197,0.171,0.54
E01002028,1865,27.129,3,0.146,-0.074,0.928
E01002029,1937,36.32,2,0.205,0.225,1.688
E01002030,1787,21.726,4,0.125,-0.37,0.729
E01002031,2116,33.197,3,0.185,-0.139,1.622
E01002032,1923,37.492,2,0.213,0.182,0.849
E01002033,2030,38.453,2,0.221,0.258,1.312
E01002034,2109,51.421,1,0.296,0.676,1.799
E01002036,1743,55.03,1,0.31,0.843,1.261
E01002037,2155,44.897,1,0.289,0.009,1.067
E01002038,1940,46.599,1,0.267,0.784,1.133
E01002039,1529,55.411,1,0.37,0.608,1.243
E01002040,2202,46.352,1,0.275,0.538,1.263
E01002041,1969,37.972,2,0.262,0.134,0.895
E01002042,1582,18.696,5,0.118,-0.419,0.673
E01002043,2199,27.374,3,0.154,-0.229,0.859
E01002044,1795,23.921,4,0.13,0.017,0.94
E01002045,2313,28.261,3,0.192,-0.23,0.516
E01002046,1948,31.66,3,0.203,0.196,0.897
E01002047,1801,23.269,4,0.109,-0.245,1.13
E01002048,2158,25.213,4,0.171,-0.315,0.786
E01002049,2001,31.408,3,0.218,0.084,0.904
E01002050,1965,23.366,4,0.104,-0.296,0.22
E01002051,1802,36.525,2,0.201,0.195,1.282
E01002052,2186,28.141,3,0.132,-0.592,0.379
E01002053,1853,36.009,2,0.246,0.298,0.74
E01002054,1839,36.761,2,0.266,0.247,0.568
E01002055,1822,23.338,4,0.098,-0.397,0.753
E01002056,2405,29.031,3,0.195,0.02,0.743
E01002057,1807,22.792,4,0.167,-0.334,0.346
E01002058,1774,24.777,4,0.151,-0.152,0.803
E01002059,1699,21.23,5,0.152,-0.092,0.219
E01002060,1837,11.93,7,0.083,-0.767,-0.202
E01002061,1722,14.12,7,0.08,-0.58,0.513
E01002062,1945,15.762,6,0.088,-0.707,0.457
E01002063,1599,21.851,4,0.124,0.095,0.61
E01002064,1450,30.894,3,0.214,0.138,1.124
E01002065,1702,27.623,3,0.14,0.443,1.044
E01002066,1848,47.93,1,0.331,0.4,1.412
E01002067,1733,39.987,2,0.284,0.028,1.023
E01002068,2160,31.663,3,0.185,0.067,1.252
E01002069,2254,39.957,2,0.222,0.314,1.495
E01002070,2182,26.2,4,0.143,-0.467,0.912
E01002071,1626,53.253,1,0.347,1.218,1.671
E01002072,1923,35.991,2,0.21,-0.28,1.618
E01002073,1798,39.358,2,0.244,0.406,1.593
E01002074,2324,40.305,2,0.269,0.215,0.8
E01002075,2214,33.971,2,0.202,0.183,0.464
E01002076,2103,33.273,2,0.22,-0.058,0.746
E01002077,2319,37.884,2,0.242,-0.032,1.422
E01002078,2327,34.316,2,0.214,-0.026,0.525
E01002079,1859,26.303,4,0.169,-0.107,0.549
E01002080,3070,30.562,3,0.206,-0.176,0.799
E01002081,1941,45.491,1,0.309,0.047,1.625
E01002082,1249,64.677,1,0.437,0.771,1.203
E01002083,1581,17.724,5,0.113,-0.197,0.39
E01002084,1661,27.171,3,0.156,-0.048,1.2
E01002085,2221,28.237,3,0.191,-0.27,1.029
E01002086,1600,33.019,3,0.228,-0.031,0.807
E01002087,1707,35.342,2,0.233,0.116,1.132
E01002088,1989,24.185,4,0.115,-0.387,0.9
E01002089,1522,46.961,1,0.347,0.325,0.122
E01002090,1641,39.501,2,0.242,0.188,0.567
E01002091,1872,41.384,2,0.274,0.293,0.844
E01002092,1590,35.887,2,0.26,0.141,0.853
E01002093,1924,46.889,1,0.284,0.449,1.103
E01002094,1610,41.188,2,0.263,0.001,1.355
E01002095,1644,46.919,1,0.302,0.136,1.653
E01002096,1661,43.303,2,0.258,0.429,1.087
E01002097,1752,42.169,2,0.277,0.009,1.028
E01002098,1439,21.989,4,0.146,-0.063,0.567
E01002099,2229,40.472,2,0.281,0.851,0.494
E01002100,2029,33.809,2,0.19,-0.022,0.929
E01002101,2128,21.555,4,0.111,-0.175,0.307
E01002102,1938,28.079,3,0.166,0.033,1.043
E01002103,2054,25.598,4,0.131,-0.016,0.743
E01002104,1658,25.485,4,0.161,-0.436,0.592
E01002105,2291,27.986,3,0.144,-0.114,1.16
E01002106,2021,10.431,8,0.067,-1.407,-0.007
E01002107,1810,6.404,9,0.051,-1.655,-0.391
E01002108,1820,8.475,9,0.075,-1.289,-0.711
E01002109,1750,9.025,8,0.066,-1.457,-0.31
E01002110,1755,7.616,9,0.07,-1.562,-0.722
E01002111,2271,14.889,6,0.104,-1.498,0.004
E01002112,1985,6.325,9,0.068,-1.751,-0.565
E01002113,1569,15.928,6,0.126,-0.942,-0.524
E01002114,2004,21.757,4,0.162,-0.698,-0.275
E01002115,1487,12.933,7,0.086,-1.333,-0.093
E01002116,1679,8.59,9,0.053,-1.749,-0.359
E01002117,2647,16.338,6,0.12,-1.117,-0.267
E01002118,1861,18.653,5,0.109,-0.417,0.5
E01002119,1899,19.348,5,0.151,-1.106,0.343
E01002120,1387,31.648,3,0.216,-0.038,-0.11
E01002121,1827,11.816,7,0.077,-1.468,0.045
E01002122,1811,15.646,6,0.082,-1.088,0.909
E01002123,1754,17.052,6,0.098,-1.165,0.523
E01002124,1875,14.394,6,0.08,-0.938,-0.023
E01002125,1871,15.476,6,0.087,-1.441,0.528
E01002126,3020,14.665,6,0.104,-0.861,0.248
E01002127,1698,13.278,7,0.08,-0.877,-0.121
E01002128,2090,17.805,5,0.11,-0.31,0.077
E01002129,2259,17.895,5,0.12,-0.787,0.436
E01002130,2379,24.584,4,0.196,-0.116,0.491
E01002131,1628,28.704,3,0.192,0.302,-0.487
E01002132,2256,9.26,8,0.063,-2.121,0.121
E01002133,2141,33.059,3,0.234,-0.212,0.401
E01002134,1369,9.184,8,0.066,-1.191,-0.109
E01002135,1837,15.16,6,0.109,-0.897,-0.18
E01002136,1791,12.828,7,0.095,-1.594,0.572
E01002137,1799,4.693,10,0.02,-1.537,-1.142
E01002138,1548,17.468,6,0.13,-1.218,0.678
E01002139,1423,30.759,3,0.225,-0.209,0.452
E01002140,1829,18.298,5,0.135,-0.445,0.538
E01002141,1767,15.108,6,0.115,-1.313,0.205
E01002142,1788,14.391,6,0.107,-1.125,0.204
E01002143,1749,19.971,5,0.139,-0.42,0.252
E01002144,1528,13.848,7,0.078,-1.235,0.048
E01002145,1627,15.781,6,0.11,-0.33,-0.535
E01002146,1479,3.585,10,0.038,-1.726,-0.501
E01002147,1353,8.814,8,0.051,-1.316,-0.707
E01002148,1453,10.409,8,0.099,-1.088,-0.253
E01002149,1364,4.585,10,0.033,-1.927,-0.481
E01002150,1962,10.748,8,0.081,-0.661,-0.82
E01002151,1541,34.105,2,0.239,-0.004,0.116
E01002152,1673,6.412,9,0.044,-1.446,-1.19
E01002153,1837,5.724,10,0.047,-1.545,-0.955
E01002154,1987,12.679,7,0.105,-1.105,0.389
E01002155,1732,6.903,9,0.039,-1.322,-0.574
E01002156,1500,6.923,9,0.056,-1.251,-0.344
E01002157,1746,10.935,8,0.098,-1.27,-0.119
E01002158,1427,6.038,9,0.038,-1.149,-0.604
E01002159,1863,12.955,7,0.11,-1.063,-0.518
E01002160,2413,13.132,7,0.117,-1.614,-0.271
E01002161,2080,14.683,6,0.14,-0.828,-0.354
E01002162,1886,17.756,5,0.14,-0.704,-0.535
E01002163,1574,11.162,8,0.079,-1.077,-0.096
E01002164,1753,8.835,8,0.066,-1.419,-0.17
E01002165,1824,14.602,6,0.077,-1.279,-0.163
E01002166,1648,13.325,7,0.121,-1.009,-0.493
E01002167,1668,20.304,5,0.136,-0.744,-0.094
E01002168,1563,26.025,4,0.193,-0.256,-0.063
E01002169,1665,18.14,5,0.123,-1.196,0.139
E01002170,1351,16.493,6,0.11,-0.95,-0.359
E01002171,1784,11.431,7,0.073,-1.288,-0.763
E01002172,1635,12.818,7,0.08,-1.119,-0.564
E01002173,1734,13.645,7,0.104,-1.108,-0.724
E01002174,1640,10.279,8,0.08,-1.399,-0.569
E01002175,1400,11.584,7,0.078,-0.921,-0.379
E01002176,1701,12.914,7,0.064,-1.137,0.148
E01002177,1414,13.931,7,0.117,-1.115,0.093
E01002178,1652,10.016,8,0.077,-1.197,-0.158
E01002179,2488,21.12,5,0.15,-0.561,0.092
E01002180,2310,26.863,3,0.189,-0.571,0.239
E01002181,1953,12.446,7,0.103,-1.275,-0.212
E01002182,2052,14.672,6,0.106,-0.892,-0.06
E01002183,2163,19.148,5,0.138,-0.587,0.168
E01002184,2020,18.565,5,0.146,-1.056,-0.043
E01002185,1596,30.631,3,0.239,-0.595,0.206
E01002186,1761,18.625,5,0.123,-0.467,-0.123
E01002187,1998,12.416,7,0.078,-1.038,-0.61
E01002188,1641,3.181,10,0.02,-1.886,-0.786
E01002189,1813,5.666,10,0.048,-1.606,-0.849
E01002190,1607,6.159,9,0.031,-1.766,-0.447
E01002191,1993,6.486,9,0.056,-1.872,-0.328
E01002192,1596,6.662,9,0.046,-1.614,-0.268
E01002193,1892,10.973,8,0.086,-1.123,-0.44
E01002194,1729,5.407,10,0.042,-1.758,-0.551
E01002195,1645,5.73,10,0.056,-1.505,-0.48
E01002196,1670,5.376,10,0.045,-1.725,-0.699
E01002197,1455,11.996,7,0.091,-0.974,-0.951
E01002198,1843,13.235,7,0.082,-1.716,0.005
E01002199,1544,10.429,8,0.089,-1.259,-0.589
E01002200,1780,15.948,6,0.09,-1.355,0.39
E01002201,1711,9.749,8,0.075,-1.168,-0.119
E01002202,2282,18.335,5,0.124,-1.093,-0.393
E01002203,1812,13.064,7,0.091,-1.689,-0.392
E01002204,1825,13.986,7,0.107,-0.9,-0.345
E01002206,1331,14.258,6,0.111,-1.022,0.506
E01002207,1710,11.844,7,0.095,-1.126,-0.136
E01002208,1302,4.958,10,0.036,-1.411,-0.853
E01002209,1721,9.946,8,0.073,-1.206,-0.377
E01002210,1629,8.478,9,0.066,-1.317,-0.36
E01002211,1450,27.335,3,0.193,-0.274,0.54
E01002212,1758,19.735,5,0.146,-0.827,0.32
E01002213,3288,17.998,5,0.133,-1.173,0.086
E01002214,1847,18.349,5,0.13,-0.857,0.318
E01002215,1593,26.808,3,0.195,-0.228,-0.093
E01002216,1719,12.222,7,0.088,-1.049,0.163
E01002217,1758,32.662,3,0.249,-0.344,0.276
E01002218,1770,16.566,6,0.104,-0.895,0.635
E01002219,1792,20.375,5,0.148,-0.669,0.58
E01002220,1601,14.604,6,0.125,-0.655,-0.248
E01002221,1642,16.888,6,0.124,-1.062,-0.182
E01002222,1625,13.151,7,0.105,-0.802,-0.122
E01002223,1743,14.248,6,0.11,-1.083,0.111
E01002224,1577,23.599,4,0.158,-0.537,-0.164
E01002225,1737,6.974,9,0.045,-1.768,-0.463
E01002226,2257,13.901,7,0.097,-1.119,-0.313
E01002227,1844,38.186,2,0.258,0.229,-0.096
E01002228,2440,13.791,7,0.097,-1.368,-0.463
E01002229,1896,20.34,5,0.13,-1.401,0.17
E01002230,1822,10.441,8,0.065,-1.271,-0.257
E01002231,1919,22.427,4,0.175,-0.343,-0.135
E01002232,1975,19.699,5,0.154,-0.371,0.3
E01002233,2196,24.849,4,0.19,-0.5,0.425
E01002234,1705,18.867,5,0.136,-0.469,0.059
E01002235,1913,27.97,3,0.214,-0.305,0.089
E01002236,1835,18.005,5,0.127,-0.944,0.014
E01002237,1727,20.045,5,0.134,-0.856,-0.349
E01002238,1885,11.152,8,0.095,-1.11,-0.168
E01002239,1727,9.138,8,0.07,-1.244,-0.857
E01002240,1779,20.176,5,0.149,-0.33,-0.182
E01002241,1707,21.921,4,0.174,-0.673,0.129
E01002242,1866,8.357,9,0.078,-1.224,-0.833
E01002243,1980,30.321,3,0.191,0.294,0.416
E01002244,1817,19.029,5,0.11,-0.476,0.368
E01002245,1662,17.892,5,0.115,-0.303,0.788
E01002246,1808,14.682,6,0.08,-0.601,0.679
E01002247,2073,19.955,5,0.149,0.021,0.404
E01002248,1524,21.286,5,0.16,0.055,-0.243
E01002249,2709,20.574,5,0.138,-0.685,1.118
E01002250,1796,21.587,4,0.121,-0.402,0.586
E01002251,1429,24.493,4,0.175,-0.14,-0.103
E01002252,1575,10.37,8,0.053,-0.971,-0.511
E01002253,1582,2.453,10,0.021,-1.466,-0.953
E01002254,1561,3.323,10,0.023,-1.115,-0.418
E01002255,1566,8.345,9,0.044,-0.811,-0.489
E01002256,1540,6.437,9,0.046,-0.81,-0.766
E01002257,1764,4.228,10,0.029,-1.609,0.148
E01002258,1717,14.889,6,0.122,-0.375,-0.199
E01002259,1472,7.442,9,0.065,-1.004,-0.213
E01002260,1724,12.075,7,0.066,-1.156,0.233
E01002261,1692,13.701,7,0.081,-0.47,0.17
E01002262,1764,16.019,6,0.106,-0.525,0.168
E01002263,1655,7.854,9,0.047,-0.906,-0.286
E01002264,1555,32.066,3,0.245,0.175,0.119
E01002265,1389,11.656,7,0.086,-0.233,-0.671
E01002266,1453,15.126,6,0.073,-0.241,0.362
E01002267,1582,26.107,4,0.178,0.057,0.291
E01002268,1467,11.623,7,0.072,-0.609,-0.088
E01002269,1805,8.709,8,0.075,-1.058,-0.418
E01002270,1726,6.589,9,0.045,-1.43,-0.491
E01002271,1524,7.906,9,0.044,-1.076,-0.869
E01002272,1230,9.268,8,0.061,-0.438,-0.25
E01002273,1342,10.411,8,0.054,-0.961,-0.736
E01002274,1650,7.551,9,0.056,-1.031,-0.518
E01002275,1351,8.32,9,0.043,-1.005,-0.554
E01002276,2078,29.634,3,0.171,-0.144,0.825
E01002277,1535,33.413,2,0.167,0.04,1.337
E01002278,1640,33.021,3,0.206,-0.051,0.719
E01002279,1656,25.274,4,0.163,-0.135,0.471
E01002280,1622,49.966,1,0.339,0.776,0.982
E01002281,1926,33.762,2,0.236,0.177,0.783
E01002282,1761,40.164,2,0.282,0.088,1.295
E01002283,1593,30.523,3,0.186,0.495,0.875
E01002284,1970,29.637,3,0.177,0.114,1.371
E01002285,1231,7.135,9,0.048,-0.61,-0.594
E01002286,1628,5.332,10,0.029,-1.158,-1.215
E01002287,1536,9.054,8,0.056,-0.996,-0.041
E01002288,1638,6.5,9,0.035,-1.383,-1.097
E01002289,1671,9.285,8,0.068,-1.142,-0.66
E01002290,1518,7.741,9,0.048,-0.631,-0.103
E01002291,1704,9.644,8,0.065,-1.044,-0.397
E01002292,1579,18.192,5,0.12,-0.341,-0.065
E01002293,1919,17.286,6,0.116,-0.347,-0.076
E01002294,1448,9.006,8,0.074,-0.871,0.031
E01002295,1801,16.189,6,0.124,-0.666,0.312
E01002296,1748,13.232,7,0.069,-0.733,-0.068
E01002297,1534,38.58,2,0.244,0.662,0.459
E01002298,1609,11.631,7,0.085,-0.744,-0.144
E01002299,1925,19.999,5,0.123,-0.224,0.191
E01002300,1795,10.482,8,0.07,-0.639,0.16
E01002301,1588,12.127,7,0.075,-0.909,-0.024
E01002302,1645,18.365,5,0.132,-0.489,0.319
E01002303,2118,31.035,3,0.224,0.06,0.035
E01002304,1486,22.295,4,0.07,0.322,0.516
E01002305,1535,18.156,5,0.101,-0.089,0.306
E01002306,1623,31.249,3,0.222,0.274,0.175
E01002307,1753,20.131,5,0.14,-0.116,-0.005
E01002308,1749,24.518,4,0.164,-0.395,0.09
E01002309,1730,22.808,4,0.161,-0.066,0.713
E01002310,1744,39.544,2,0.248,0.837,1.046
E01002311,1790,26.235,4,0.163,0.185,0.289
E01002312,1431,27.707,3,0.158,-0.142,0.411
E01002313,1964,25.67,4,0.147,-0.307,0.053
E01002314,1755,39.909,2,0.284,0.541,1.023
E01002315,1709,22.92,4,0.133,-0.048,0.68
E01002316,1791,40.727,2,0.3,0.437,0.691
E01002317,1599,5.481,10,0.029,-1.141,-0.27
E01002318,1667,8.47,9,0.056,-1.011,-0.84
E01002319,1707,16.802,6,0.125,-0.46,0.199
E01002320,1495,8.93,8,0.05,-0.918,0.354
E01002321,1779,9.518,8,0.046,-1.222,0.275
E01002322,1999,7.706,9,0.048,-1.08,-0.796
E01002323,1663,11.889,7,0.042,-0.73,0.374
E01002324,1497,22.052,4,0.125,0.098,0.169
E01002325,1838,26.639,3,0.184,-0.323,0.347
E01002326,1593,19.584,5,0.129,-0.359,0.398
E01002327,1456,15.455,6,0.08,-0.52,0.012
E01002328,1711,10.024,8,0.059,-0.63,0.142
E01002329,1678,15.543,6,0.09,-0.81,0.238
E01002330,1888,18.943,5,0.121,-0.267,0.011
E01002331,1583,15.434,6,0.085,-0.578,0.413
E01002332,1653,14.821,6,0.105,-0.828,-0.129
E01002333,1328,8.49,9,0.045,-1.037,-0.417
E01002334,1722,11.33,7,0.076,-1.172,0.238
E01002335,1528,16.434,6,0.121,-0.5,-0.385
E01002336,1542,13.0,7,0.083,-0.859,-0.379
E01002337,1303,13.698,7,0.081,-0.578,0.418
E01002338,1392,11.62,7,0.065,-0.757,0.267
E01002339,1626,5.785,10,0.035,-1.202,-0.208
E01002340,1406,8.668,8,0.055,-0.896,-0.264
E01002341,1299,10.788,8,0.055,-0.638,-0.492
E01002342,1611,19.728,5,0.135,-0.245,0.421
E01002343,1750,13.207,7,0.073,-0.811,0.208
E01002344,1708,19.839,5,0.125,-0.601,0.468
E01002345,1775,30.318,3,0.213,-0.319,0.929
E01002346,1539,25.573,4,0.17,0.07,0.592
E01002347,1587,14.333,6,0.073,-0.759,0.553
E01002348,1538,10.11,8,0.056,-1.037,-0.703
E01002349,1484,13.9,7,0.096,-0.384,-0.374
E01002350,1619,26.331,4,0.165,0.04,0.923
E01002351,1686,11.81,7,0.072,-0.916,0.106
E01002352,1822,17.934,5,0.128,0.083,-0.031
E01002353,2117,15.297,6,0.078,-0.734,0.846
E01002354,1380,5.021,10,0.036,-1.467,-0.037
E01002355,1487,6.409,9,0.043,-1.004,-0.713
E01002356,2558,33.713,2,0.202,0.24,1.444
E01002358,2109,16.44,6,0.1,-0.554,0.206
E01002359,1312,7.02,9,0.046,-0.807,-0.241
E01002360,1494,13.793,7,0.096,-0.343,0.315
E01002361,1800,19.361,5,0.129,-0.23,0.464
E01002362,1517,6.861,9,0.057,-1.294,-0.108
E01002363,1635,18.359,5,0.142,-0.413,-0.11
E01002364,1467,6.955,9,0.054,-1.072,-0.95
E01002365,1377,13.525,7,0.09,-0.764,-0.018
E01002366,1460,11.057,8,0.08,-0.607,-0.212
E01002367,1634,9.687,8,0.065,-1.152,0.421
E01002368,1789,39.103,2,0.243,-0.055,1.001
E01002369,1944,21.384,5,0.13,-0.305,0.563
E01002370,2142,29.558,3,0.198,-0.147,0.692
E01002371,1681,16.24,6,0.106,-0.345,0.618
E01002372,1728,10.822,8,0.061,-1.103,-0.287
E01002373,1629,13.847,7,0.098,-0.567,0.255
E01002374,1629,16.712,6,0.123,-0.37,0.248
E01002375,1740,28.938,3,0.199,0.226,0.412
E01002376,1437,6.826,9,0.041,-0.853,-0.139
E01002377,1739,12.885,7,0.092,-0.397,-0.01
E01002378,1681,8.009,9,0.044,-0.806,-0.291
E01002379,1493,6.561,9,0.048,-1.11,-0.04
E01002380,2406,16.974,6,0.137,-0.145,-0.163
E01002381,1711,13.35,7,0.085,-0.748,0.102
E01002382,1834,8.19,9,0.051,-1.092,-0.248
E01002383,1685,8.309,9,0.037,-0.868,-0.131
E01002384,1580,7.011,9,0.049,-0.657,-0.022
E01002385,1634,13.766,7,0.031,-1.174,0.762
E01002386,1974,7.828,9,0.07,-1.061,0.149
E01002387,1602,4.519,10,0.033,-1.613,0.033
E01002388,1654,2.326,10,0.016,-1.681,-1.029
E01002389,1466,4.429,10,0.022,-1.265,-0.213
E01002390,1404,3.16,10,0.016,-1.305,-0.676
E01002391,1680,10.565,8,0.051,-0.643,-0.541
E01002392,1919,35.128,2,0.229,0.291,0.877
E01002393,2222,22.759,4,0.121,-0.288,0.974
E01002394,1692,18.977,5,0.127,-0.405,0.21
E01002395,1370,21.55,5,0.131,-0.034,0.192
E01002396,1825,28.627,3,0.194,0.13,0.879
E01002397,1955,26.362,4,0.162,-0.111,0.761
E01002398,1843,21.185,5,0.107,-0.096,1.06
E01002399,1560,19.66,5,0.125,-0.393,0.817
E01002400,1825,26.723,3,0.178,0.094,0.636
E01002401,2044,26.638,3,0.185,0.028,0.478
E01002402,1597,24.386,4,0.153,-0.231,0.648
E01002403,2287,26.617,3,0.185,0.108,0.572
E01002404,2009,29.688,3,0.211,0.196,0.426
E01002405,2029,23.452,4,0.14,0.081,0.633
E01002406,2434,24.978,4,0.151,-0.429,0.395
E01002407,3180,23.489,4,0.132,-0.71,0.706
E01002408,1540,31.015,3,0.193,0.8,0.268
E01002409,1988,22.359,4,0.148,-0.135,0.416
E01002410,1762,15.825,6,0.095,-0.482,0.59
E01002411,1907,23.999,4,0.124,0.012,0.452
E01002412,2362,13.287,7,0.065,-0.456,0.533
E01002413,1580,30.67,3,0.187,0.459,0.849
E01002414,4597,8.777,8,0.033,-0.451,-0.182
E01002415,1679,6.957,9,0.043,-0.871,-0.104
E01002416,1749,7.256,9,0.056,-0.99,-0.46
E01002417,1670,6.56,9,0.041,-1.134,0.294
E01002418,1804,11.922,7,0.09,-0.646,-0.562
E01002419,1596,5.501,10,0.047,-0.884,-0.316
E01002420,1658,13.784,7,0.11,-0.119,-0.335
E01002421,1723,8.993,8,0.07,-0.438,0.15
E01002422,1525,15.824,6,0.094,-0.418,0.17
E01002423,1668,13.735,7,0.08,-0.838,0.144
E01002424,1712,13.456,7,0.096,-0.813,0.205
E01002425,1875,23.941,4,0.149,-0.11,0.527
E01002426,1795,17.74,5,0.122,-0.479,0.054
E01002427,1615,13.203,7,0.098,-0.633,0.019
E01002428,1511,12.152,7,0.075,-0.57,0.163
E01002429,1446,30.131,3,0.185,0.11,0.322
E01002430,1443,6.105,9,0.024,-1.054,0.012
E01002431,1381,4.924,10,0.028,-1.403,0.114
E01002432,1557,6.636,9,0.05,-1.027,0.342
E01002433,2463,16.922,6,0.111,-0.906,-0.007
E01002434,1371,5.524,10,0.03,-1.047,0.262
E01002435,1545,4.163,10,0.028,-0.936,-0.658
E01002436,1670,10.954,8,0.075,-0.676,0.099
E01002437,1414,5.755,10,0.041,-1.189,-0.625
E01002438,1340,12.569,7,0.068,-0.371,-0.899
E01002439,1585,17.002,6,0.113,0.298,-0.085
E01002440,1522,20.207,5,0.115,0.282,0.111
E01002441,1515,23.701,4,0.151,0.284,0.748
E01002442,1551,23.76,4,0.143,0.089,-0.274
E01002443,1834,19.901,5,0.074,-0.894,0.833
E01002444,2089,22.563,4,0.096,-0.012,-0.565
E01002445,1817,30.41,3,0.189,0.261,0.686
E01002446,1823,21.888,4,0.086,-0.194,1.286
E01002447,2020,24.211,4,0.115,-0.652,0.112
E01002448,2260,18.249,5,0.095,-0.487,0.662
E01002449,2019,21.375,5,0.139,-0.252,0.144
E01002450,1437,7.627,9,0.046,-0.866,0.0
E01002451,1553,7.125,9,0.051,-0.789,-0.223
E01002452,1539,9.387,8,0.063,-0.835,-0.673
E01002453,1730,11.258,8,0.081,-0.388,-0.377
E01002454,1870,19.651,5,0.133,-0.114,0.11
E01002455,1813,20.172,5,0.113,-0.315,0.912
E01002456,1727,19.196,5,0.121,0.155,0.122
E01002457,1663,26.837,3,0.169,0.228,0.865
E01002458,1434,7.08,9,0.034,-1.275,-0.095
E01002459,1670,3.738,10,0.019,-0.966,-0.757
E01002460,1320,6.577,9,0.058,-0.834,-0.327
E01002461,1449,10.271,8,0.048,-1.028,-0.371
E01002462,1443,6.945,9,0.025,-1.391,-0.722
E01002463,1608,7.321,9,0.044,-1.009,-0.838
E01002464,1597,6.369,9,0.059,-0.579,-0.684
E01002465,1579,10.44,8,0.074,-0.432,-0.264
E01002466,1685,7.607,9,0.055,-1.132,-0.28
E01002467,1542,5.772,10,0.044,-0.92,-0.444
E01002468,1763,6.832,9,0.038,-0.898,-0.064
E01002469,1754,7.97,9,0.039,-0.891,-0.044
E01002470,1887,10.721,8,0.087,-0.764,0.043
E01002471,1651,7.311,9,0.048,-0.951,0.111
E01002472,1714,8.241,9,0.081,-0.648,-0.485
E01002473,1519,15.968,6,0.079,-0.642,0.11
E01002474,1639,10.473,8,0.088,-0.791,-0.087
E01002475,1429,17.647,6,0.118,0.085,-0.86
E01002476,1486,4.554,10,0.046,-1.272,-0.382
E01002477,1317,9.978,8,0.083,-0.317,-0.499
E01002478,1633,7.519,9,0.066,-0.903,-0.358
E01002479,1694,19.628,5,0.139,0.002,0.113
E01002480,1750,4.074,10,0.035,-1.405,-0.733
E01002481,1674,19.065,5,0.149,-0.451,-0.235
E01002482,1610,3.114,10,0.026,-1.027,-0.641
E01002483,1813,9.321,8,0.065,-0.445,-0.413
E01002484,1360,21.292,5,0.141,0.241,0.221
E01002485,2058,15.274,6,0.101,-0.244,0.185
E01002486,2378,24.901,4,0.174,-0.576,0.276
E01002487,1989,24.08,4,0.151,-0.554,0.137
E01002488,1792,18.599,5,0.107,-0.548,0.311
E01002489,1996,15.991,6,0.106,-0.724,0.429
E01002490,2328,21.801,4,0.127,-0.584,0.534
E01002491,1701,26.093,4,0.176,-0.434,0.418
E01002492,1783,21.072,5,0.135,-0.485,0.304
E01002493,1986,31.917,3,0.201,-0.022,0.302
E01002494,1754,11.192,8,0.085,-0.517,-0.611
E01002495,2278,10.037,8,0.071,-0.831,-0.367
E01002496,1858,16.8,6,0.099,-0.301,-0.06
E01002497,2011,15.001,6,0.113,-0.731,0.275
E01002498,1376,8.295,9,0.052,-0.826,0.4
E01002499,1834,12.74,7,0.08,-0.548,-0.532
E01002501,1703,21.242,5,0.134,-0.518,0.569
E01002502,1668,29.205,3,0.184,0.162,0.587
E01002503,1785,30.981,3,0.201,0.421,0.989
E01002504,2605,25.275,4,0.172,0.19,0.572
E01002505,1865,36.03,2,0.213,0.373,1.166
E01002506,2177,32.981,3,0.196,0.193,1.18
E01002507,1986,21.013,5,0.149,-0.65,0.884
E01002508,2067,34.585,2,0.223,0.09,1.294
E01002509,1386,8.183,9,0.047,-0.937,-0.008
E01002511,1558,23.569,4,0.142,0.001,0.639
E01002512,1981,6.058,9,0.049,-1.176,0.052
E01002513,1345,12.172,7,0.073,-0.443,0.08
E01002514,2037,12.343,7,0.088,-0.979,0.228
E01002515,1977,21.833,4,0.134,-0.127,0.41
E01002516,1533,7.515,9,0.042,-0.781,0.046
E01002518,1396,10.195,8,0.058,-0.616,0.508
E01002519,1469,29.904,3,0.163,0.361,0.631
E01002520,1704,19.737,5,0.164,-0.383,-0.79
E01002521,2007,29.236,3,0.205,0.858,0.34
E01002523,1740,17.141,6,0.085,-0.242,0.442
E01002525,1673,19.294,5,0.095,-0.199,1.406
E01002526,2282,28.751,3,0.153,0.026,0.717
E01002527,1590,27.692,3,0.197,0.292,0.728
E01002528,1800,35.075,2,0.188,0.012,1.301
E01002529,2342,20.428,5,0.14,-0.201,0.891
E01002530,1742,35.344,2,0.214,0.636,0.729
E01002531,1664,17.549,6,0.114,-0.064,0.609
E01002532,3529,28.501,3,0.168,-0.037,0.22
E01002533,1419,17.077,6,0.118,-0.286,-0.112
E01002534,1408,9.663,8,0.08,-0.579,0.053
E01002535,1959,8.346,9,0.062,-0.849,0.001
E01002536,1469,9.06,8,0.064,-0.278,-0.752
E01002537,1909,7.147,9,0.052,-0.631,-0.199
E01002538,1584,12.169,7,0.092,-0.286,-0.341
E01002539,1643,7.115,9,0.058,-0.9,-0.225
E01002540,1780,27.799,3,0.177,0.14,0.876
E01002541,2067,14.753,6,0.089,-0.753,0.564
E01002542,2142,29.802,3,0.21,-0.036,1.057
E01002543,1929,30.671,3,0.2,-0.269,1.111
E01002544,1901,14.322,6,0.082,-0.438,-0.066
E01002545,1580,42.956,2,0.286,0.154,0.714
E01002546,1721,19.602,5,0.101,-0.551,-0.17
E01002547,1754,25.05,4,0.186,-0.495,0.115
E01002548,1704,32.004,3,0.219,0.409,0.253
E01002549,1842,21.154,5,0.121,-0.252,0.355
E01002550,1844,29.539,3,0.144,0.24,0.239
E01002551,1955,21.816,4,0.152,-0.061,0.119
E01002552,1661,29.289,3,0.153,-0.17,1.776
E01002553,1679,36.121,2,0.2,0.839,0.796
E01002554,3189,27.843,3,0.168,-0.189,1.558
E01002555,2060,14.607,6,0.082,-0.671,0.47
E01002556,1714,16.965,6,0.114,-0.235,-0.217
E01002557,1820,25.437,4,0.144,-0.264,0.369
E01002558,2237,23.82,4,0.149,-0.085,0.038
E01002559,2469,25.75,4,0.143,-0.12,-0.69
E01002560,1717,28.577,3,0.158,0.278,1.064
E01002561,1411,34.677,2,0.246,0.085,0.001
E01002562,1381,32.826,3,0.191,0.27,1.124
E01002563,1559,15.794,6,0.081,-0.65,0.201
E01002564,1836,34.25,2,0.24,0.103,1.126
E01002565,2951,18.186,5,0.084,-0.43,-0.288
E01002566,2416,34.247,2,0.223,-0.102,0.585
E01002567,1645,21.331,5,0.118,-0.562,1.383
E01002568,3297,31.74,3,0.211,0.732,0.722
E01002569,1866,9.196,8,0.052,-0.668,-0.307
E01002570,1685,13.41,7,0.07,-0.416,0.123
E01002571,1360,5.356,10,0.03,-1.181,-0.515
E01002572,1575,30.321,3,0.215,0.552,0.268
E01002573,1593,12.117,7,0.051,-1.195,0.356
E01002574,1604,10.811,8,0.058,-0.987,0.383
E01002575,1679,7.341,9,0.045,-0.965,-0.243
E01002576,1709,21.712,4,0.143,-0.092,0.551
E01002577,1599,12.295,7,0.071,-0.916,0.443
E01002578,1508,10.479,8,0.073,-1.103,0.458
E01002579,1740,9.854,8,0.053,-0.891,0.411
E01002580,1385,24.639,4,0.132,0.501,0.635
E01002581,1868,11.422,7,0.069,-0.705,0.575
E01002582,1694,12.129,7,0.083,-0.34,0.288
E01002583,1756,23.659,4,0.121,-0.306,0.833
E01002584,1881,18.791,5,0.088,-0.175,0.174
E01002585,1825,28.48,3,0.162,-0.3,0.215
E01002586,1784,16.639,6,0.082,-0.555,0.046
E01002587,2089,24.141,4,0.144,-0.12,0.449
E01002588,1839,37.79,2,0.274,0.142,-0.075
E01002589,2301,23.215,4,0.173,-0.039,-0.311
E01002590,1983,18.708,5,0.088,-0.155,0.36
E01002591,1772,21.737,4,0.128,0.086,-0.276
E01002592,2103,24.445,4,0.156,-0.273,-0.532
E01002593,2103,23.759,4,0.114,0.589,0.73
E01002594,2035,21.842,4,0.152,0.027,0.234
E01002595,2062,27.052,3,0.177,-0.039,0.337
E01002596,1886,24.229,4,0.149,0.27,-0.019
E01002598,2033,25.724,4,0.134,-0.302,0.837
E01002599,1588,26.574,4,0.165,-0.343,0.634
E01002600,1527,27.138,3,0.169,-0.167,0.455
E01002601,1693,16.844,6,0.106,-0.255,0.198
E01002602,1415,15.557,6,0.081,-0.44,-0.418
E01002603,1910,26.622,3,0.164,0.397,0.311
E01002604,1695,35.261,2,0.253,-0.019,0.569
E01002605,1989,31.415,3,0.193,0.075,0.683
E01002606,1653,38.199,2,0.256,0.676,0.11
E01002607,2044,21.091,5,0.153,-0.367,0.186
E01002608,1796,30.406,3,0.175,0.058,1.106
E01002609,1794,15.969,6,0.09,-0.362,0.392
E01002610,1671,26.724,3,0.178,0.065,0.622
E01002611,1808,21.015,5,0.097,-0.123,0.713
E01002612,1860,26.874,3,0.18,-0.113,1.02
E01002613,1816,18.663,5,0.12,-0.077,-0.152
E01002614,1973,14.622,6,0.086,-0.652,-0.505
E01002615,1575,35.997,2,0.224,0.342,0.415
E01002616,1490,17.155,6,0.102,-0.025,-0.053
E01002617,1591,13.082,7,0.062,-0.727,-0.302
E01002618,1726,16.027,6,0.101,-0.617,0.325
E01002619,1969,18.826,5,0.127,-0.522,0.502
E01002620,1934,25.894,4,0.169,-0.284,0.747
E01002621,1840,20.065,5,0.124,-0.227,0.124
E01002622,1831,22.887,4,0.123,-0.09,0.955
E01002623,1716,28.246,3,0.167,0.447,0.525
E01002624,1725,21.671,4,0.095,-0.345,0.538
E01002625,1680,16.44,6,0.102,-0.748,0.039
E01002626,1634,18.608,5,0.098,-0.331,0.948
E01002627,1792,28.971,3,0.213,0.305,-0.496
E01002628,2055,17.193,6,0.12,-0.495,0.447
E01002629,2204,23.111,4,0.149,-0.036,0.435
E01002630,1877,17.06,6,0.089,-0.959,0.464
E01002631,1553,23.712,4,0.178,-0.293,0.322
E01002632,1778,19.386,5,0.103,-0.532,0.967
E01002633,1759,38.259,2,0.26,0.511,0.058
E01002634,1706,32.83,3,0.22,-0.111,0.587
E01002635,1732,20.411,5,0.116,-0.689,1.068
E01002636,2065,16.552,6,0.105,-0.561,0.139
E01002637,1682,31.385,3,0.195,-0.16,0.479
E01002638,2000,30.834,3,0.22,-0.178,1.048
E01002639,1844,14.789,6,0.072,-0.406,0.536
E01002640,1930,18.568,5,0.07,-0.362,1.362
E01002641,2117,26.128,4,0.136,-0.322,1.409
E01002642,2620,21.183,5,0.105,-0.637,0.661
E01002643,2417,22.949,4,0.139,0.055,0.372
E01002645,2300,25.375,4,0.135,-0.141,1.197
E01002646,2232,29.885,3,0.211,0.255,0.193
E01002647,2242,23.875,4,0.135,0.11,0.434
E01002648,2935,20.096,5,0.103,-0.166,0.868
E01002649,2114,26.623,3,0.155,0.168,0.676
E01002650,2394,23.751,4,0.151,-0.49,0.321
E01002651,1864,19.225,5,0.137,-0.166,0.426
E01002652,1781,18.402,5,0.125,-0.609,0.568
E01002653,1872,14.702,6,0.083,-0.396,-0.2
E01002654,1836,14.654,6,0.072,-0.639,0.133
E01002655,1890,12.671,7,0.06,-0.702,0.244
E01002656,1295,14.958,6,0.075,-0.178,-0.426
E01002657,1861,8.719,8,0.053,-0.768,-0.046
E01002658,1315,9.969,8,0.043,-0.392,0.25
E01002659,1472,14.745,6,0.086,-0.576,-0.419
E01002660,1838,18.802,5,0.128,-0.612,0.465
E01002661,1966,16.528,6,0.095,-0.544,0.332
E01002662,2396,17.234,6,0.059,-0.533,0.65
E01002663,2171,21.955,4,0.146,0.108,0.326
E01002664,2763,28.32,3,0.174,-0.166,0.976
E01002665,1665,23.173,4,0.164,0.118,0.089
E01002666,1516,17.794,5,0.118,-0.303,-0.043
E01002667,1660,20.952,5,0.145,-0.054,0.593
E01002668,2000,15.455,6,0.091,-0.302,0.195
E01002669,1734,38.698,2,0.245,0.482,0.134
E01002670,1983,15.821,6,0.083,-0.572,0.363
E01002671,1676,17.739,5,0.097,-0.359,0.287
E01002672,1637,26.691,3,0.192,0.148,0.269
E01002673,1622,49.21,1,0.331,0.94,0.526
E01002674,1889,14.573,6,0.086,-0.981,0.129
E01002675,2551,13.828,7,0.086,-0.8,0.363
E01002676,1720,15.65,6,0.06,-0.998,0.942
E01002677,1656,19.551,5,0.11,-0.197,0.711
E01002678,1901,11.412,7,0.058,-1.259,-0.417
E01002679,1787,13.359,7,0.064,-0.57,-0.394
E01002680,1937,16.185,6,0.075,-0.552,0.724
E01002681,2058,26.437,4,0.158,-0.138,1.065
E01002682,2492,18.175,5,0.098,-0.294,0.621
E01002683,2678,12.087,7,0.065,-0.709,0.088
E01002684,2421,24.157,4,0.158,-0.012,0.309
E01002686,1672,37.807,2,0.21,0.581,0.925
E01002687,1744,11.415,7,0.075,-0.974,0.459
E01002689,1628,19.261,5,0.133,-0.304,0.014
E01002690,1438,10.253,8,0.055,-0.896,-0.117
E01002691,1664,10.73,8,0.063,-1.064,-0.88
E01002692,1913,16.106,6,0.102,-0.993,0.02
E01002693,1800,15.502,6,0.105,-0.306,0.624
E01002694,1650,42.957,2,0.325,1.028,0.611
E01002695,1726,22.394,4,0.122,0.542,0.614
E01002696,1995,20.191,5,0.105,0.005,0.603
E01002697,2174,31.847,3,0.216,0.832,0.654
E01002698,2474,17.454,6,0.118,-0.086,-0.423
E01002699,1629,19.741,5,0.138,0.097,-0.259
E01002700,1605,13.447,7,0.07,-0.801,0.522
E01002701,1805,27.789,3,0.186,0.396,0.081
E01002702,2182,29.535,3,0.21,0.321,0.581
E01002703,2521,27.328,3,0.221,-0.27,0.409
E01002704,2446,22.281,4,0.161,0.084,-0.618
E01002706,2222,24.912,4,0.177,-0.075,0.441
E01002707,2139,25.684,4,0.152,0.152,0.34
E01002708,2251,29.96,3,0.183,0.392,0.655
E01002709,1720,35.167,2,0.268,0.709,0.561
E01002710,1745,30.958,3,0.208,0.644,0.282
E01002711,2356,21.801,4,0.129,0.205,-0.179
E01002712,1572,27.046,3,0.155,0.597,0.575
E01002713,1709,44.476,1,0.295,1.057,1.024
E01002714,1805,14.035,7,0.078,-0.536,0.261
E01002715,1674,38.505,2,0.263,0.932,0.543
E01002716,2472,34.594,2,0.258,0.879,0.508
E01002717,1305,22.402,4,0.156,-0.073,0.841
E01002718,1835,19.385,5,0.096,-0.226,0.817
E01002719,1662,16.71,6,0.1,-0.504,0.735
E01002720,2445,40.041,2,0.312,0.723,0.451
E01002721,1922,28.168,3,0.164,0.351,0.83
E01002722,1458,36.798,2,0.242,0.628,0.876
E01002723,1737,28.536,3,0.197,0.5,0.365
E01002724,2323,14.573,6,0.066,-0.202,-0.453
E01002725,1599,29.084,3,0.211,0.436,0.43
E01002726,1887,24.493,4,0.172,0.324,0.187
E01002727,1698,26.051,4,0.155,0.103,0.489
E01002728,1527,27.235,3,0.15,0.671,1.112
E01002729,1731,31.027,3,0.186,-0.079,0.703
E01002730,1970,30.4,3,0.168,0.528,1.557
E01002731,3033,24.496,4,0.125,-0.13,1.166
E01002732,1908,47.055,1,0.291,0.959,1.373
E01002733,1566,18.532,5,0.123,-0.209,0.983
E01002734,2388,40.543,2,0.264,0.485,1.583
E01002735,1850,33.51,2,0.235,0.324,1.058
E01002736,1618,45.005,1,0.336,0.561,0.885
E01002737,1977,35.801,2,0.268,0.611,0.436
E01002738,1904,24.682,4,0.164,-0.233,0.761
E01002739,1841,17.378,6,0.114,-0.441,0.457
E01002740,2286,16.104,6,0.076,-0.759,0.97
E01002741,1725,34.846,2,0.264,0.404,0.581
E01002742,1695,15.801,6,0.093,-0.187,0.713
E01002743,1870,19.06,5,0.129,0.033,0.358
E01002744,1629,17.889,5,0.113,0.185,0.19
E01002745,1648,15.807,6,0.111,-0.505,0.454
E01002747,1773,13.325,7,0.091,-0.053,-0.877
E01002748,1592,39.897,2,0.246,0.637,1.646
E01002749,1623,22.829,4,0.164,-0.066,0.515
E01002751,1978,38.0,2,0.263,0.396,0.633
E01002752,1781,22.426,4,0.175,-0.096,0.424
E01002753,1432,29.443,3,0.195,0.372,0.576
E01002754,1614,16.43,6,0.107,0.016,0.744
E01002755,1418,39.869,2,0.272,0.739,0.891
E01002756,1412,27.776,3,0.181,0.182,0.976
E01002757,1514,24.102,4,0.193,0.004,0.267
E01002758,1763,44.134,1,0.315,1.061,0.652
E01002759,1611,20.645,5,0.163,0.479,0.17
E01002760,1668,38.826,2,0.307,0.565,0.452
E01002762,2176,20.717,5,0.109,0.141,0.608
E01002763,1559,33.113,3,0.167,1.082,1.245
E01002764,1869,30.946,3,0.213,0.107,0.928
E01002765,3479,28.236,3,0.197,0.588,0.204
E01002766,2420,31.553,3,0.213,0.546,0.415
E01002767,2082,36.783,2,0.231,0.622,0.897
E01002768,1746,29.312,3,0.19,0.692,0.539
E01002769,2251,20.118,5,0.111,0.072,0.72
E01002770,1620,29.977,3,0.159,0.835,1.034
E01002771,1511,27.333,3,0.199,0.13,0.925
E01002772,1883,28.721,3,0.175,0.431,1.027
E01002773,1417,50.095,1,0.324,0.712,2.05
E01002774,2201,30.891,3,0.176,0.597,1.318
E01002775,1529,22.198,4,0.123,0.361,0.644
E01002776,2028,32.142,3,0.204,0.895,0.547
E01002777,1703,27.576,3,0.175,0.677,0.589
E01002778,1911,39.066,2,0.251,0.741,1.253
E01002779,2017,18.595,5,0.123,-0.408,0.884
E01002780,1778,26.351,4,0.177,0.377,0.556
E01002781,1512,28.936,3,0.232,0.414,0.416
E01002782,1665,37.168,2,0.274,0.744,0.888
E01002783,1703,46.454,1,0.286,1.411,1.044
E01002784,1849,34.3,2,0.243,0.72,0.611
E01002785,2023,18.889,5,0.096,-0.65,0.695
E01002786,1972,36.106,2,0.242,0.911,1.038
E01002787,1235,32.105,3,0.185,0.998,0.701
E01002788,2008,16.985,6,0.099,-0.421,0.427
E01002789,1978,13.703,7,0.077,-0.733,0.669
E01002790,1504,42.268,2,0.274,0.767,0.927
E01002791,1980,13.879,7,0.075,-0.469,0.439
E01002792,2100,16.098,6,0.097,0.059,0.267
E01002793,2000,36.247,2,0.24,0.748,1.266
E01002794,1960,22.216,4,0.118,0.0,0.824
E01002795,2183,25.019,4,0.158,0.05,0.853
E01002796,1177,23.575,4,0.159,0.331,0.499
E01002797,2084,32.118,3,0.207,0.59,1.015
E01002798,1972,21.479,5,0.145,0.235,0.628
E01002799,2043,32.282,3,0.241,0.606,0.291
E01002800,1369,38.934,2,0.231,0.384,0.8
E01002801,1715,16.852,6,0.095,-0.637,0.653
E01002802,1379,25.903,4,0.142,0.472,0.856
E01002803,2426,23.761,4,0.152,-0.068,0.708
E01002804,1840,37.376,2,0.255,0.629,0.538
E01002805,1719,22.828,4,0.136,0.173,1.092
E01002806,1632,26.952,3,0.177,0.46,1.089
E01002807,1873,31.573,3,0.233,0.582,0.478
E01002808,2031,24.642,4,0.176,0.182,0.579
E01002809,1666,31.444,3,0.216,0.41,0.713
E01002810,1717,33.321,2,0.221,0.724,0.803
E01002811,1568,38.606,2,0.261,0.876,1.086
E01002812,1907,11.548,7,0.023,-2.132,-0.49
E01002813,1698,10.093,8,0.038,-2.178,0.268
E01002814,1970,25.028,4,0.158,-0.882,0.289
E01002815,1356,18.289,5,0.086,-1.112,0.118
E01002816,1376,11.528,7,0.022,-2.329,0.042
E01002817,1526,10.4,8,0.033,-2.356,0.362
E01002818,1902,12.656,7,0.015,-3.123,0.264
E01002819,1547,11.072,8,0.015,-2.563,-0.287
E01002820,1335,9.557,8,0.027,-2.271,-0.467
E01002821,1585,10.933,8,0.024,-2.35,0.304
E01002822,1285,12.856,7,0.013,-3.105,0.257
E01002823,1506,28.418,3,0.195,-0.219,0.178
E01002824,1356,10.045,8,0.023,-2.301,-0.078
E01002825,1972,9.697,8,0.044,-2.123,-0.572
E01002826,1512,10.756,8,0.035,-2.214,-0.139
E01002827,1689,12.075,7,0.024,-2.29,0.202
E01002828,1366,16.243,6,0.074,-1.301,0.232
E01002829,1367,34.531,2,0.213,0.005,0.8
E01002830,1693,35.373,2,0.215,-0.345,1.24
E01002831,1814,36.708,2,0.215,-0.014,1.28
E01002832,1597,31.366,3,0.218,-0.344,0.755
E01002833,1423,19.197,5,0.083,-0.866,1.05
E01002834,1469,15.607,6,0.056,-1.441,0.017
E01002835,1519,10.461,8,0.024,-2.367,0.215
E01002836,1437,11.093,8,0.043,-1.53,0.081
E01002837,1467,13.106,7,0.012,-2.651,-0.318
E01002838,1914,11.108,8,0.011,-2.255,0.23
E01002839,1516,25.779,4,0.111,-0.73,0.277
E01002840,1309,37.672,2,0.273,-0.228,0.862
E01002841,1385,26.462,4,0.15,0.055,0.922
E01002842,1030,47.396,1,0.363,0.272,0.579
E01002843,1434,42.608,2,0.287,0.61,0.608
E01002844,1364,17.02,6,0.084,-1.089,0.372
E01002845,1509,21.021,5,0.126,-0.716,0.139
E01002846,1367,30.857,3,0.162,0.142,0.485
E01002847,1640,22.142,4,0.08,-0.77,0.921
E01002848,1585,29.533,3,0.158,-0.154,0.006
E01002849,1519,17.215,6,0.068,-1.209,0.899
E01002850,1541,23.704,4,0.111,-0.676,0.425
E01002851,1546,39.773,2,0.26,0.365,0.77
E01002852,1939,41.748,2,0.297,0.458,0.808
E01002853,940,57.097,1,0.379,0.437,1.657
E01002854,1104,45.147,1,0.325,0.035,1.176
E01002855,1620,45.479,1,0.317,0.361,0.978
E01002856,1678,37.842,2,0.209,-0.249,1.239
E01002857,1335,59.009,1,0.389,0.506,1.272
E01002858,1447,23.406,4,0.129,-0.545,-0.639
E01002859,1670,10.18,8,0.024,-3.215,-0.299
E01002860,1508,11.416,7,0.013,-3.188,0.102
E01002861,1341,15.041,6,0.068,-1.08,0.377
E01002862,1467,26.044,4,0.159,-0.346,-0.146
E01002863,1473,9.933,8,0.012,-3.134,0.082
E01002864,1448,9.506,8,0.034,-2.789,0.607
E01002865,1448,7.26,9,0.021,-2.729,-0.012
E01002866,1727,20.684,5,0.107,-0.573,0.39
E01002867,1929,22.328,4,0.142,-1.034,0.008
E01002868,1561,9.26,8,0.012,-2.84,0.114
E01002869,1448,19.675,5,0.114,-1.056,0.24
E01002870,1461,41.357,2,0.317,0.492,-0.048
E01002871,1611,11.335,7,0.029,-2.652,0.167
E01002872,1426,38.9,2,0.289,0.114,0.406
E01002873,1290,19.842,5,0.093,-1.172,0.968
E01002874,1314,20.025,5,0.107,-0.725,0.617
E01002875,1324,14.928,6,0.059,-1.673,0.658
E01002876,1705,20.135,5,0.123,-0.706,0.454
E01002877,1675,41.177,2,0.313,0.357,0.536
E01002878,1569,33.862,2,0.199,-0.005,1.234
E01002879,1384,41.706,2,0.322,0.024,1.187
E01002880,1513,44.248,1,0.304,0.512,0.69
E01002881,1257,40.49,2,0.281,0.312,0.425
E01002882,1293,17.09,6,0.108,-1.442,0.331
E01002883,1715,11.744,7,0.033,-1.568,0.464
E01002884,1374,21.59,4,0.09,-1.159,1.012
E01002885,1394,19.621,5,0.084,-1.268,0.365
E01002886,1390,14.819,6,0.049,-2.125,0.828
E01002887,1364,12.569,7,0.022,-2.029,0.223
E01002888,2199,10.9,8,0.032,-2.637,-0.413
E01002889,1183,8.169,9,0.038,-1.771,-0.745
E01002890,1776,8.969,8,0.012,-2.614,0.31
E01002891,1416,9.515,8,0.023,-2.195,-0.35
E01002892,1776,8.544,9,0.024,-2.635,-0.95
E01002893,1803,21.771,4,0.126,-0.314,0.095
E01002894,1680,19.923,5,0.095,-0.911,0.378
E01002895,1358,11.214,8,0.02,-2.537,0.608
E01002896,1821,10.304,8,0.037,-2.396,0.264
E01002897,1432,15.663,6,0.093,-0.54,0.279
E01002898,1705,9.458,8,0.034,-2.231,0.037
E01002899,1573,21.45,5,0.135,-0.886,0.04
E01002900,1554,8.274,9,0.01,-2.973,0.326
E01002901,1345,16.507,6,0.072,-1.321,0.455
E01002902,1756,10.759,8,0.049,-2.098,-0.064
E01002903,1642,7.616,9,0.01,-2.972,0.096
E01002904,1336,45.079,1,0.333,0.619,-0.077
E01002905,1542,44.52,1,0.294,0.129,1.525
E01002906,1789,33.044,3,0.21,0.406,0.217
E01002907,1220,52.561,1,0.411,0.595,-0.212
E01002908,1371,26.916,3,0.157,0.03,0.722
E01002909,2097,29.726,3,0.193,-0.343,0.627
E01002910,1473,16.317,6,0.101,-1.432,0.359
E01002911,1716,12.544,7,0.025,-2.709,0.66
E01002912,1822,13.905,7,0.059,-0.964,0.036
E01002913,2121,18.046,5,0.107,-1.152,0.659
E01002914,1608,8.875,8,0.03,-2.091,-0.868
E01002915,1355,8.064,9,0.048,-1.567,-0.461
E01002916,1513,8.236,9,0.046,-1.216,0.365
E01002917,1473,4.073,10,0.035,-1.63,-0.547
E01002918,1768,12.197,7,0.068,-0.897,-0.629
E01002919,1880,15.611,6,0.119,-0.676,-0.105
E01002920,1650,5.052,10,0.039,-1.154,-0.564
E01002921,1692,15.232,6,0.096,-0.141,-0.142
E01002922,1583,9.061,8,0.063,-0.882,-0.301
E01002923,1719,30.061,3,0.221,0.65,-0.14
E01002924,1553,3.339,10,0.025,-1.405,-1.48
E01002925,1622,11.459,7,0.065,-0.587,-0.792
E01002926,1539,7.351,9,0.044,-0.947,-1.071
E01002927,1599,12.635,7,0.086,-0.658,-0.098
E01002928,1795,16.639,6,0.131,-0.719,-0.202
E01002929,1608,8.833,8,0.04,-1.588,0.378
E01002930,1832,11.051,8,0.087,-1.159,-0.162
E01002931,1993,11.45,7,0.072,-1.38,0.635
E01002932,1899,26.643,3,0.19,0.158,-0.237
E01002933,2048,15.439,6,0.121,-0.051,-0.615
E01002934,2092,3.665,10,0.031,-1.521,-0.981
E01002935,2053,8.24,9,0.061,-1.635,-0.083
E01002937,1829,5.062,10,0.031,-1.277,-0.59
E01002938,2032,4.776,10,0.039,-1.606,-0.869
E01002939,1656,12.767,7,0.094,-0.727,-0.158
E01002940,1643,18.071,5,0.114,-0.211,-0.268
E01002941,1588,9.426,8,0.061,-0.865,-0.237
E01002942,1420,10.777,8,0.068,-0.562,0.04
E01002943,1439,16.752,6,0.103,-0.517,-0.328
E01002944,1429,13.363,7,0.086,-0.657,-1.004
E01002945,1578,9.082,8,0.059,-0.956,-0.473
E01002946,1502,8.721,8,0.049,-1.167,-0.464
E01002947,1639,7.288,9,0.049,-1.011,-0.093
E01002948,2217,17.875,5,0.137,-0.491,0.175
E01002949,1853,9.745,8,0.081,-1.312,0.079
E01002950,1704,17.972,5,0.144,-0.568,-0.189
E01002951,1696,5.416,10,0.056,-1.914,-0.944
E01002952,1557,6.26,9,0.033,-1.579,-0.381
E01002953,1486,7.065,9,0.029,-1.148,-0.527
E01002954,1360,12.215,7,0.136,-0.191,-0.961
E01002955,1447,14.326,6,0.076,-1.018,-0.007
E01002956,2051,7.327,9,0.041,-1.52,-1.051
E01002957,1937,14.322,6,0.119,-0.994,-0.993
E01002958,1812,6.841,9,0.05,-1.423,-0.935
E01002959,1441,3.101,10,0.02,-1.827,-1.041
E01002960,1699,6.07,9,0.052,-1.546,-0.486
E01002961,1632,7.367,9,0.064,-0.998,-0.976
E01002962,1817,12.943,7,0.077,-1.057,-0.101
E01002963,1791,9.886,8,0.097,-1.149,-1.016
E01002964,2915,17.289,6,0.097,-0.346,0.835
E01002965,1937,12.957,7,0.094,-0.857,-0.61
E01002966,1950,9.456,8,0.066,-1.009,-0.577
E01002967,1946,5.324,10,0.036,-1.272,-0.774
E01002968,3086,14.52,6,0.058,-1.011,0.841
E01002969,1763,40.913,2,0.301,0.698,-0.092
E01002970,1551,21.15,5,0.124,-0.19,0.442
E01002971,1872,12.432,7,0.098,-0.66,-0.325
E01002972,2085,13.608,7,0.093,-0.493,-0.109
E01002973,1417,23.106,4,0.165,-0.073,0.273
E01002974,1884,13.924,7,0.113,-0.94,0.097
E01002975,1465,12.123,7,0.1,-1.51,-0.42
E01002976,1719,8.143,9,0.05,-1.107,-0.972
E01002977,1729,18.446,5,0.148,-0.711,-0.074
E01002978,1804,7.414,9,0.062,-1.527,-0.518
E01002979,1541,9.478,8,0.087,-1.286,-0.682
E01002980,1491,7.43,9,0.042,-1.48,-0.553
E01002981,1587,11.94,7,0.078,-1.109,-0.346
E01002982,1395,13.639,7,0.097,-0.645,-0.435
E01002983,1688,7.399,9,0.055,-1.6,-0.179
E01002984,1425,17.185,6,0.121,-0.364,-0.105
E01002985,1751,11.766,7,0.102,-0.847,-0.219
E01002986,1335,12.627,7,0.082,-0.722,-0.416
E01002987,1858,18.608,5,0.122,0.157,-0.303
E01002988,2960,6.657,9,0.027,-1.142,-0.64
E01002989,1971,8.627,8,0.033,-1.59,0.11
E01002990,1757,7.626,9,0.049,-0.975,-0.964
E01002991,1638,7.648,9,0.028,-1.106,-0.233
E01002992,2672,6.631,9,0.026,-1.179,-1.076
E01002993,1707,10.174,8,0.074,-0.731,-0.298
E01002994,1570,7.883,9,0.056,-0.789,-1.146
E01002995,1598,5.88,10,0.034,-1.036,-0.392
E01002996,1611,7.571,9,0.044,-1.09,-0.077
E01002997,1574,8.337,9,0.036,-1.281,-0.416
E01002998,1647,14.437,6,0.125,-0.429,-0.016
E01002999,1452,14.372,6,0.095,-0.451,0.263
E01003000,1587,19.425,5,0.138,-0.426,0.277
E01003001,1894,12.804,7,0.068,-0.869,0.846
E01003002,1904,17.542,6,0.13,-0.699,-0.131
E01003003,1731,15.301,6,0.103,-0.661,0.305
E01003004,1566,10.869,8,0.062,-1.199,0.013
E01003005,1612,7.542,9,0.05,-1.321,-0.91
E01003006,1478,7.813,9,0.064,-1.005,-0.54
E01003007,1568,4.72,10,0.05,-1.871,-0.208
E01003008,1435,3.164,10,0.021,-1.459,-0.548
E01003009,2152,9.258,8,0.081,-1.219,-0.727
E01003010,1459,4.323,10,0.024,-1.266,-0.227
E01003011,1837,6.829,9,0.05,-1.543,-0.384
E01003013,1671,12.271,7,0.029,0.064,0.039
E01003014,1656,26.261,4,0.141,0.012,1.184
E01003015,1700,26.682,3,0.192,0.132,-0.221
E01003016,2628,13.265,7,0.051,-0.187,-0.296
E01003017,1928,23.436,4,0.123,0.138,0.339
E01003018,2224,22.512,4,0.084,0.219,0.97
E01003019,1990,18.843,5,0.114,0.054,0.599
E01003020,1692,24.0,4,0.122,0.056,1.237
E01003021,1787,33.319,2,0.184,1.178,0.703
E01003022,1769,20.494,5,0.122,0.378,0.072
E01003023,2654,19.316,5,0.114,0.3,0.201
E01003024,1714,31.514,3,0.222,0.56,0.949
E01003025,2198,21.733,4,0.15,0.079,0.349
E01003026,1545,17.427,6,0.075,0.214,0.894
E01003027,1336,10.074,8,0.023,-0.758,0.483
E01003028,1581,19.787,5,0.12,0.458,0.176
E01003029,1800,19.197,5,0.116,0.443,0.27
E01003030,1924,16.656,6,0.061,-0.16,0.639
E01003031,1651,23.596,4,0.171,0.529,-0.229
E01003032,1685,31.549,3,0.202,0.336,0.6
E01003033,1563,14.91,6,0.078,-0.365,0.234
E01003034,1793,18.498,5,0.135,-0.103,0.04
E01003035,1612,24.936,4,0.122,0.065,1.722
E01003036,1706,24.245,4,0.138,0.287,0.776
E01003037,1393,38.342,2,0.233,1.445,0.743
E01003038,1728,14.932,6,0.06,-0.333,0.661
E01003039,2306,10.643,8,0.041,-0.498,0.293
E01003040,1333,21.291,5,0.092,-0.033,0.66
E01003041,1563,34.66,2,0.192,0.621,1.753
E01003042,1129,26.014,4,0.155,0.644,0.471
E01003043,1678,23.727,4,0.157,0.081,0.671
E01003044,916,43.069,2,0.271,0.758,-0.131
E01003045,1997,38.842,2,0.282,0.491,0.73
E01003046,1747,33.936,2,0.24,0.176,-0.004
E01003047,1717,39.632,2,0.238,0.576,2.063
E01003048,1799,37.906,2,0.276,0.492,0.705
E01003049,1657,39.746,2,0.267,0.772,1.16
E01003050,1799,27.883,3,0.122,0.051,1.684
E01003051,1852,36.268,2,0.221,0.544,1.258
E01003052,1934,40.689,2,0.278,0.234,1.113
E01003053,1686,23.236,4,0.08,0.209,1.59
E01003054,1838,21.766,4,0.066,0.507,1.415
E01003055,1634,34.093,2,0.168,0.595,2.01
E01003056,1572,29.918,3,0.17,0.722,0.098
E01003057,1626,36.558,2,0.236,0.939,0.869
E01003058,1855,24.327,4,0.135,0.323,0.342
E01003059,1589,39.166,2,0.231,0.853,0.47
E01003060,1487,36.815,2,0.248,0.243,1.348
E01003061,1160,37.895,2,0.136,0.367,2.099
E01003062,1877,22.44,4,0.147,-0.129,0.681
E01003063,1452,37.714,2,0.246,0.722,0.691
E01003064,1509,12.812,7,0.059,-0.5,0.168
E01003065,1559,41.077,2,0.279,1.066,0.551
E01003066,1837,37.398,2,0.228,1.058,1.191
E01003067,1420,20.479,5,0.136,0.073,0.53
E01003068,1627,28.816,3,0.179,0.341,0.864
E01003069,1398,32.698,3,0.188,0.386,1.07
E01003070,1485,43.799,2,0.309,0.897,0.43
E01003071,2387,16.108,6,0.087,-0.237,0.339
E01003072,1887,16.47,6,0.099,-0.237,0.264
E01003073,1790,30.231,3,0.217,0.169,0.452
E01003074,2485,24.577,4,0.116,-0.443,1.591
E01003075,1630,42.602,2,0.292,0.796,0.547
E01003076,2219,18.536,5,0.132,-0.049,0.064
E01003077,1949,19.571,5,0.121,0.095,0.227
E01003078,1742,10.834,8,0.061,-0.645,0.185
E01003079,1789,30.785,3,0.167,0.521,0.953
E01003080,1808,18.517,5,0.107,-0.418,0.362
E01003081,1944,29.721,3,0.182,0.214,0.776
E01003082,1568,30.194,3,0.209,0.403,0.646
E01003083,1713,19.665,5,0.113,-0.025,0.258
E01003084,1706,19.315,5,0.096,-0.444,0.686
E01003085,1877,16.358,6,0.078,-0.561,0.515
E01003086,1822,31.39,3,0.231,0.382,0.09
E01003087,1716,42.482,2,0.297,1.341,-0.099
E01003088,1621,32.424,3,0.177,0.589,1.366
E01003089,1845,31.444,3,0.225,-0.098,0.598
E01003090,2244,25.416,4,0.114,0.514,0.638
E01003091,1608,23.431,4,0.17,-0.086,0.338
E01003092,1923,36.627,2,0.254,1.196,0.536
E01003093,2668,33.26,2,0.246,0.175,0.36
E01003094,1451,30.432,3,0.196,0.582,1.434
E01003095,1770,19.761,5,0.086,-0.087,1.289
E01003096,2312,25.455,4,0.096,0.703,0.949
E01003097,1709,32.154,3,0.2,0.894,0.331
E01003098,1578,23.401,4,0.144,0.041,0.712
E01003099,1794,26.601,3,0.159,-0.324,1.385
E01003100,2026,16.907,6,0.055,-0.118,0.514
E01003101,1525,28.222,3,0.187,0.449,0.492
E01003102,1769,25.93,4,0.131,0.071,0.893
E01003104,1617,24.638,4,0.118,-0.236,0.477
E01003105,1827,29.263,3,0.217,0.397,0.433
E01003106,2125,27.175,3,0.177,0.151,0.531
E01003107,1912,17.52,6,0.108,-0.334,0.094
E01003108,1568,33.192,3,0.215,0.424,0.562
E01003109,2727,27.59,3,0.144,0.333,0.361
E01003110,2073,17.446,6,0.099,-0.001,-0.075
E01003111,1703,35.303,2,0.254,0.663,-0.232
E01003112,1664,29.912,3,0.207,0.303,0.053
E01003113,2200,23.176,4,0.121,0.034,0.534
E01003114,2342,22.363,4,0.103,-0.337,0.863
E01003115,1727,20.481,5,0.121,-0.036,0.412
E01003116,1750,20.465,5,0.097,-0.03,0.29
E01003117,2126,22.2,4,0.118,-0.098,0.635
E01003118,1999,22.781,4,0.146,0.031,0.763
E01003119,2236,22.028,4,0.09,0.171,0.559
E01003120,2607,32.875,3,0.149,0.421,0.476
E01003121,1553,32.792,3,0.251,0.593,0.039
E01003122,2062,25.76,4,0.144,0.95,-0.602
E01003123,1618,19.16,5,0.104,-0.262,0.614
E01003124,1483,29.873,3,0.188,0.107,0.355
E01003125,1833,30.312,3,0.232,0.113,0.417
E01003126,1544,28.68,3,0.192,0.378,0.401
E01003127,1790,26.097,4,0.124,0.065,0.847
E01003128,1496,34.369,2,0.224,0.551,0.58
E01003129,1759,24.33,4,0.121,-0.053,0.339
E01003130,1956,17.362,6,0.104,-0.526,0.452
E01003131,1720,18.271,5,0.07,-0.692,1.011
E01003132,1693,32.169,3,0.219,0.798,0.176
E01003133,1666,24.483,4,0.147,0.302,0.765
E01003134,1669,19.56,5,0.122,0.055,0.408
E01003135,1793,31.583,3,0.174,0.793,0.506
E01003136,1693,23.279,4,0.111,-0.171,0.087
E01003137,1588,29.29,3,0.212,0.221,0.668
E01003138,1744,10.639,8,0.039,-0.678,0.149
E01003139,1754,13.474,7,0.079,-0.503,-0.098
E01003140,1550,16.888,6,0.13,-0.114,-0.307
E01003141,1823,24.037,4,0.142,-0.13,0.353
E01003142,1518,18.167,5,0.121,-0.237,-0.14
E01003143,1512,28.82,3,0.213,-0.051,0.16
E01003144,1588,17.38,6,0.078,-0.032,0.929
E01003145,1927,23.589,4,0.109,-0.001,0.585
E01003146,1684,25.101,4,0.179,0.166,0.109
E01003147,2212,20.607,5,0.149,-0.512,0.203
E01003148,2008,18.954,5,0.123,-0.206,0.017
E01003149,1954,15.204,6,0.094,-0.57,-0.756
E01003150,1933,26.483,4,0.186,0.252,0.414
E01003151,2064,33.077,3,0.254,0.561,0.201
E01003152,2091,13.041,7,0.067,-0.758,-0.093
E01003153,2264,14.764,6,0.075,-0.282,0.427
E01003154,1894,28.223,3,0.202,0.446,0.102
E01003155,2013,19.058,5,0.096,-0.513,0.865
E01003156,1661,18.606,5,0.109,0.482,-0.028
E01003157,1736,13.822,7,0.094,-0.451,0.386
E01003158,1795,7.631,9,0.037,-0.422,-0.402
E01003159,1228,36.226,2,0.236,0.699,0.756
E01003160,1784,29.257,3,0.192,-0.223,0.025
E01003161,1223,18.917,5,0.128,0.362,0.276
E01003162,2011,27.304,3,0.193,0.259,0.093
E01003163,1616,15.132,6,0.097,-0.376,0.608
E01003164,2151,28.097,3,0.152,0.07,0.914
E01003165,1596,22.312,4,0.155,-0.472,0.51
E01003166,2537,17.894,5,0.125,-0.678,0.206
E01003167,1771,14.506,6,0.065,-0.365,0.323
E01003168,1573,40.412,2,0.258,0.693,0.871
E01003169,2568,23.435,4,0.127,0.081,0.743
E01003170,1951,12.457,7,0.072,-0.52,0.641
E01003171,1762,25.368,4,0.138,0.3,0.462
E01003172,2004,30.645,3,0.233,0.353,0.071
E01003173,1671,15.409,6,0.074,-0.436,0.668
E01003174,1971,33.582,2,0.261,0.346,0.419
E01003175,1604,36.013,2,0.243,0.564,0.335
E01003176,2025,35.216,2,0.239,0.148,1.703
E01003177,1777,25.703,4,0.138,0.123,0.699
E01003178,1679,21.709,4,0.092,-0.103,0.768
E01003179,1706,30.956,3,0.251,0.067,0.008
E01003180,1759,22.411,4,0.145,0.104,0.518
E01003181,1509,37.286,2,0.254,0.639,1.081
E01003182,2036,26.612,3,0.164,0.04,0.537
E01003183,1823,28.803,3,0.187,0.413,0.227
E01003184,1174,33.439,2,0.252,0.362,0.443
E01003185,1734,27.075,3,0.177,0.712,0.622
E01003186,2577,19.78,5,0.109,-0.346,0.725
E01003187,1391,35.754,2,0.26,0.48,0.596
E01003188,1339,38.438,2,0.239,0.531,1.281
E01003189,1697,43.296,2,0.266,0.708,0.578
E01003190,2318,34.703,2,0.232,0.503,0.899
E01003191,1663,34.906,2,0.221,0.326,0.232
E01003192,1695,48.716,1,0.284,0.809,0.902
E01003193,1704,31.206,3,0.16,0.193,1.16
E01003194,1853,34.535,2,0.232,0.281,0.518
E01003195,1585,20.602,5,0.131,-0.147,0.002
E01003196,1747,42.358,2,0.23,0.801,1.16
E01003197,1700,43.555,2,0.29,0.415,0.605
E01003198,1542,18.605,5,0.138,-0.178,-0.045
E01003199,1828,13.477,7,0.084,-0.624,0.41
E01003200,1662,11.58,7,0.043,-0.827,0.654
E01003201,1612,28.226,3,0.163,-0.255,0.901
E01003202,1627,9.192,8,0.04,-0.948,0.138
E01003203,1932,24.646,4,0.183,0.119,0.118
E01003204,1350,20.796,5,0.126,0.131,0.504
E01003205,1464,36.269,2,0.241,0.478,0.505
E01003206,1704,14.285,6,0.086,-0.694,-0.412
E01003207,1684,36.749,2,0.233,0.35,0.927
E01003209,2074,25.793,4,0.145,0.168,0.269
E01003210,1890,22.25,4,0.105,-0.229,0.692
E01003211,1602,23.374,4,0.131,-0.033,0.555
E01003212,2203,22.918,4,0.13,0.019,0.688
E01003213,1880,20.821,5,0.121,0.019,0.885
E01003214,1884,26.267,4,0.15,0.086,0.635
E01003215,2047,24.827,4,0.104,-0.073,1.009
E01003216,1874,22.725,4,0.13,0.102,0.231
E01003217,1638,20.989,5,0.131,-0.16,0.117
E01003218,1601,15.773,6,0.111,-0.074,-0.217
E01003219,1728,18.336,5,0.122,-0.526,-0.369
E01003220,1736,25.046,4,0.153,0.339,0.184
E01003221,2037,31.619,3,0.173,0.171,0.532
E01003222,1688,22.103,4,0.128,-0.055,0.045
E01003223,1752,16.79,6,0.091,-0.526,0.514
E01003224,1765,22.095,4,0.148,-0.394,-0.368
E01003225,1641,9.432,8,0.061,-0.595,-0.577
E01003226,1825,16.774,6,0.091,-0.227,0.077
E01003227,1676,14.713,6,0.092,-0.373,-0.11
E01003228,1570,18.146,5,0.091,0.052,0.182
E01003229,1655,32.515,3,0.24,0.273,0.056
E01003230,2008,21.999,4,0.156,-0.198,-0.081
E01003231,1628,23.637,4,0.127,0.301,0.246
E01003232,1841,12.297,7,0.078,-0.398,-0.051
E01003233,1785,16.337,6,0.1,-0.468,-0.285
E01003235,1327,28.429,3,0.186,0.166,0.555
E01003236,1616,36.793,2,0.221,0.258,0.417
E01003237,1656,30.552,3,0.198,-0.135,0.479
E01003238,1450,36.619,2,0.24,0.465,0.51
E01003239,1542,34.432,2,0.241,0.205,0.183
E01003240,1990,32.442,3,0.205,0.149,0.807
E01003241,1718,33.099,3,0.196,0.294,0.752
E01003243,1490,37.508,2,0.22,0.363,0.729
E01003244,1647,29.181,3,0.244,0.018,0.002
E01003245,1869,35.294,2,0.267,0.258,0.245
E01003246,1677,40.956,2,0.302,0.415,0.729
E01003247,2097,18.036,5,0.099,-0.177,-0.047
E01003248,1722,30.754,3,0.226,0.034,0.762
E01003249,2053,24.548,4,0.185,0.485,-0.482
E01003250,2216,30.08,3,0.195,0.305,0.256
E01003251,2258,28.185,3,0.191,0.159,0.393
E01003252,1478,39.521,2,0.317,0.342,0.545
E01003253,1512,35.924,2,0.22,0.203,1.166
E01003254,1502,12.229,7,0.059,-0.682,0.353
E01003255,2089,17.513,6,0.106,-0.573,0.301
E01003256,2396,30.358,3,0.174,0.393,0.85
E01003257,1799,21.897,4,0.138,0.167,0.077
E01003258,1603,31.215,3,0.236,0.322,0.063
E01003259,1816,21.089,5,0.142,-0.122,0.595
E01003260,1847,14.438,6,0.093,-0.682,-0.246
E01003261,1492,15.644,6,0.096,-0.655,0.041
E01003262,1434,19.131,5,0.109,-0.145,0.228
E01003263,1729,28.062,3,0.192,0.282,0.553
E01003264,1451,26.433,4,0.174,0.421,0.02
E01003265,1576,29.476,3,0.206,0.028,0.23
E01003266,1762,39.337,2,0.24,0.621,-0.034
E01003267,1543,35.121,2,0.214,0.335,0.423
E01003268,1895,22.889,4,0.143,-0.135,0.257
E01003269,1606,27.67,3,0.165,0.111,0.141
E01003270,1785,11.532,7,0.065,-0.784,-0.306
E01003271,1699,8.783,8,0.048,-0.885,-0.198
E01003272,1975,18.848,5,0.107,-0.269,0.091
E01003273,2097,17.073,6,0.103,-0.505,0.06
E01003274,1707,17.032,6,0.12,-0.198,0.16
E01003275,1730,30.622,3,0.228,0.41,-0.329
E01003276,1897,20.711,5,0.129,-0.226,0.597
E01003277,1796,22.253,4,0.135,0.197,0.376
E01003278,1953,26.151,4,0.173,0.345,0.637
E01003279,1620,16.265,6,0.093,-0.097,0.076
E01003280,1789,26.957,3,0.182,0.349,-0.164
E01003281,1634,17.245,6,0.082,-0.052,0.559
E01003282,2645,23.443,4,0.134,0.126,0.425
E01003283,2343,11.31,7,0.052,-0.867,0.02
E01003284,1984,19.337,5,0.111,-0.313,0.212
E01003285,1837,13.687,7,0.084,-0.8,0.416
E01003286,1765,30.194,3,0.214,0.528,0.464
E01003287,2101,12.552,7,0.072,-0.654,-0.032
E01003288,2007,30.802,3,0.206,0.426,0.532
E01003290,1672,45.854,1,0.272,1.515,0.728
E01003291,1469,44.99,1,0.285,1.055,0.633
E01003292,1584,20.574,5,0.111,0.144,0.73
E01003293,1552,28.053,3,0.152,0.143,0.689
E01003295,1705,29.292,3,0.179,0.312,0.01
E01003296,3703,28.631,3,0.12,-0.128,1.053
E01003297,1643,29.363,3,0.122,0.884,0.357
E01003298,1267,32.141,3,0.222,0.135,0.322
E01003299,1700,32.981,3,0.185,0.312,1.03
E01003300,1407,33.853,2,0.25,0.426,0.209
E01003301,2213,25.746,4,0.131,0.002,0.786
E01003302,1542,31.65,3,0.209,0.196,0.87
E01003303,1468,40.126,2,0.252,0.506,1.718
E01003304,2139,35.961,2,0.203,0.03,1.216
E01003305,1765,43.327,2,0.271,0.849,0.988
E01003307,1541,19.336,5,0.126,-0.319,0.048
E01003308,1984,23.433,4,0.149,-0.128,0.335
E01003309,1560,32.138,3,0.247,0.129,0.823
E01003310,1692,29.569,3,0.185,0.203,0.822
E01003311,1636,17.357,6,0.094,-0.501,0.278
E01003312,1791,17.586,6,0.099,-0.213,0.112
E01003313,1551,35.351,2,0.24,0.169,0.976
E01003314,1727,17.09,6,0.102,-0.295,0.168
E01003315,1362,27.35,3,0.168,0.63,0.575
E01003316,1539,17.224,6,0.111,-0.156,0.284
E01003317,1959,28.027,3,0.133,-0.046,0.783
E01003318,1748,47.114,1,0.226,0.784,1.239
E01003319,1896,31.239,3,0.191,0.007,0.739
E01003320,1388,35.069,2,0.237,0.635,0.67
E01003321,2038,32.198,3,0.183,0.459,0.502
E01003322,1560,24.37,4,0.14,0.322,-0.326
E01003323,1456,34.133,2,0.191,0.497,0.536
E01003324,1566,37.075,2,0.205,0.38,1.235
E01003325,1879,36.329,2,0.193,0.477,0.822
E01003326,1581,28.866,3,0.2,0.612,0.26
E01003327,1955,16.422,6,0.084,-0.42,0.218
E01003328,1844,26.287,4,0.164,0.131,0.344
E01003329,1747,19.169,5,0.111,-0.137,0.493
E01003330,1649,34.114,2,0.229,-0.122,0.562
E01003331,1532,26.871,3,0.183,0.401,0.421
E01003332,1628,27.507,3,0.17,0.557,0.594
E01003333,1594,24.816,4,0.131,-0.054,0.319
E01003334,1858,28.809,3,0.176,0.29,0.604
E01003335,1470,33.691,2,0.246,0.364,0.707
E01003336,1523,34.034,2,0.276,0.38,0.021
E01003337,1678,33.273,2,0.238,0.221,-0.209
E01003338,2000,34.64,2,0.216,0.243,1.237
E01003339,1806,26.452,4,0.156,0.035,0.817
E01003340,1903,18.948,5,0.095,-0.496,0.546
E01003341,1550,20.72,5,0.104,-0.107,0.313
E01003342,1723,19.498,5,0.104,0.275,-0.337
E01003343,1500,21.817,4,0.143,-0.285,0.121
E01003344,1843,19.594,5,0.136,-0.264,-0.12
E01003345,2057,16.681,6,0.119,-0.095,-0.297
E01003346,1691,34.426,2,0.215,-0.135,1.007
E01003347,1825,44.725,1,0.334,0.647,0.283
E01003348,1660,25.742,4,0.156,-0.09,0.727
E01003349,1609,33.222,3,0.207,0.523,-0.331
E01003350,1299,33.849,2,0.215,0.304,0.431
E01003351,1505,37.163,2,0.228,0.596,0.289
E01003352,2331,30.959,3,0.214,0.006,0.691
E01003353,1811,21.578,4,0.131,-0.12,0.432
E01003354,1862,22.059,4,0.13,-0.207,0.054
E01003355,1600,8.667,8,0.045,-0.656,-0.317
E01003356,1826,5.985,9,0.047,-1.309,-0.842
E01003357,1781,27.022,3,0.226,0.387,-0.071
E01003358,1916,5.46,10,0.034,-0.991,-0.316
E01003359,1819,16.015,6,0.128,-0.131,-0.016
E01003360,1828,7.498,9,0.038,-0.82,0.113
E01003361,1663,9.475,8,0.086,-0.732,-0.722
E01003362,1364,8.165,9,0.061,-0.742,-0.49
E01003363,1589,5.943,9,0.04,-1.241,-0.047
E01003364,1768,6.669,9,0.052,-0.883,-1.146
E01003365,1393,6.803,9,0.065,-1.193,-0.349
E01003366,1593,18.396,5,0.105,-0.028,0.235
E01003367,2391,14.43,6,0.068,-0.661,0.359
E01003368,1619,16.576,6,0.105,-0.404,0.222
E01003369,1687,12.297,7,0.069,-0.21,-0.443
E01003370,2045,13.142,7,0.082,-0.19,0.086
E01003371,1588,12.515,7,0.079,-0.333,0.176
E01003372,1580,26.568,4,0.173,0.172,0.625
E01003373,1505,33.12,3,0.245,0.495,-0.01
E01003374,1665,31.166,3,0.219,0.267,0.466
E01003375,1724,19.139,5,0.12,-0.205,0.331
E01003376,1590,25.138,4,0.183,0.279,0.094
E01003377,1652,31.291,3,0.242,0.253,-0.122
E01003378,2131,18.396,5,0.131,-0.102,0.073
E01003379,1968,31.137,3,0.221,0.473,0.505
E01003380,1693,5.789,10,0.034,-1.002,-0.564
E01003381,1469,7.91,9,0.038,-0.659,-0.904
E01003382,1603,7.547,9,0.051,-1.0,-0.58
E01003383,1602,6.668,9,0.029,-1.11,0.203
E01003384,1500,8.033,9,0.046,-0.626,0.116
E01003385,1645,3.811,10,0.024,-1.619,-1.015
E01003386,2249,15.919,6,0.102,-0.875,0.367
E01003387,1965,30.21,3,0.185,-0.143,0.814
E01003388,1551,25.835,4,0.188,0.003,1.163
E01003389,1680,22.957,4,0.116,0.261,0.968
E01003390,1704,33.578,2,0.254,0.286,0.621
E01003391,1338,38.478,2,0.276,0.187,0.15
E01003392,1322,17.066,6,0.098,-0.589,1.077
E01003393,1609,14.033,7,0.075,-0.078,-0.117
E01003394,1947,16.083,6,0.114,-0.329,0.242
E01003395,1534,11.9,7,0.084,-1.027,0.468
E01003396,1635,12.299,7,0.082,-1.014,0.168
E01003397,1562,14.111,7,0.105,-0.765,-0.051
E01003398,1806,15.226,6,0.093,-0.484,0.361
E01003399,1366,9.054,8,0.047,-0.407,-1.038
E01003400,1486,6.798,9,0.029,-1.161,0.334
E01003401,1381,4.061,10,0.038,-1.108,-0.762
E01003402,1614,4.692,10,0.028,-1.829,-1.059
E01003403,1524,5.764,10,0.035,-1.295,-1.02
E01003404,1744,8.846,8,0.06,-0.67,-0.838
E01003405,2146,25.671,4,0.197,-0.218,0.651
E01003406,1623,22.95,4,0.175,-0.049,0.09
E01003407,1882,11.858,7,0.096,-0.716,-0.304
E01003408,1946,11.874,7,0.079,-0.372,0.076
E01003409,1775,24.464,4,0.17,-0.054,0.199
E01003410,1610,21.572,4,0.175,-0.13,-0.479
E01003411,1860,16.046,6,0.103,-0.421,0.245
E01003412,1686,22.716,4,0.149,-0.114,0.637
E01003413,2026,15.38,6,0.092,-0.549,0.273
E01003414,1649,13.702,7,0.091,-0.898,0.446
E01003415,1975,19.747,5,0.143,0.234,0.028
E01003416,1530,14.135,7,0.095,-0.454,0.318
E01003417,1568,9.198,8,0.05,-0.901,0.12
E01003418,1418,6.707,9,0.034,-0.884,-0.413
E01003419,1799,11.324,7,0.062,-0.661,-0.401
E01003420,1326,9.184,8,0.06,-0.721,-0.251
E01003421,1645,9.848,8,0.084,-0.604,-0.338
E01003422,1380,9.163,8,0.059,-0.524,0.039
E01003423,1630,5.847,10,0.041,-1.79,-1.078
E01003424,1512,3.788,10,0.025,-1.554,-0.617
E01003425,1455,4.046,10,0.029,-1.347,-0.478
E01003426,1716,10.223,8,0.062,-1.274,0.735
E01003427,1887,14.092,7,0.106,-0.786,-0.163
E01003428,1510,9.369,8,0.063,-0.709,-0.757
E01003429,1451,14.234,7,0.117,-1.09,-0.338
E01003430,1537,30.873,3,0.228,-0.189,0.35
E01003431,1628,29.36,3,0.201,-0.007,0.398
E01003432,1455,40.359,2,0.299,0.464,0.784
E01003433,1564,17.62,6,0.129,-0.497,0.562
E01003434,1572,13.002,7,0.092,-0.987,-0.038
E01003435,1832,17.599,6,0.134,-0.974,0.517
E01003436,1575,25.62,4,0.165,-0.073,0.387
E01003437,1887,16.002,6,0.104,-0.414,0.338
E01003438,1736,26.908,3,0.182,-0.07,0.275
E01003439,1464,27.369,3,0.157,-0.031,0.857
E01003440,1607,23.077,4,0.186,-0.357,0.162
E01003441,1819,22.89,4,0.161,0.194,0.129
E01003442,1585,5.222,10,0.031,-1.431,-1.118
E01003443,1612,4.549,10,0.031,-1.418,-0.244
E01003444,1657,5.39,10,0.033,-1.664,-0.346
E01003445,1712,9.449,8,0.065,-0.991,0.168
E01003446,1791,10.115,8,0.079,-0.744,-0.419
E01003447,1605,24.427,4,0.158,0.43,0.033
E01003448,2030,24.584,4,0.144,-0.055,0.111
E01003449,1780,18.476,5,0.136,-0.177,0.228
E01003450,1630,28.091,3,0.182,0.023,0.345
E01003451,1627,12.612,7,0.07,-0.715,0.388
E01003452,2021,27.017,3,0.194,-0.115,-0.106
E01003453,1768,24.369,4,0.155,-0.308,0.662
E01003454,1408,5.551,10,0.054,-0.957,-0.748
E01003455,1654,10.995,8,0.08,-0.335,-0.093
E01003456,1685,12.785,7,0.072,-0.659,0.063
E01003457,1612,5.546,10,0.026,-0.885,-0.448
E01003458,1618,6.013,9,0.041,-0.956,-0.408
E01003459,2203,16.068,6,0.149,0.05,-0.195
E01003460,1497,9.005,8,0.072,-1.396,0.198
E01003461,1374,3.716,10,0.026,-1.82,-0.441
E01003462,1408,6.885,9,0.049,-1.377,-0.873
E01003463,1322,4.307,10,0.019,-1.835,-0.916
E01003464,1396,6.098,9,0.026,-0.764,-0.537
E01003465,1191,4.686,10,0.014,-1.889,0.059
E01003466,1707,4.599,10,0.042,-1.342,-0.656
E01003467,1704,7.121,9,0.055,-1.106,-0.63
E01003468,1706,4.513,10,0.032,-1.53,-0.57
E01003469,1612,16.013,6,0.122,-0.824,-0.06
E01003470,1818,9.521,8,0.08,-1.319,-0.219
E01003471,1655,8.051,9,0.064,-0.917,-0.172
E01003472,1321,3.806,10,0.018,-1.232,-0.735
E01003473,1262,5.269,10,0.037,-1.107,-0.299
E01003474,1273,4.548,10,0.017,-1.487,-0.177
E01003475,2723,17.36,6,0.124,-0.922,0.231
E01003476,1375,11.723,7,0.093,-0.511,-0.151
E01003477,1532,8.595,9,0.058,-0.551,-0.132
E01003478,1596,6.496,9,0.042,-0.968,-0.612
E01003479,1577,30.088,3,0.156,-0.493,0.946
E01003480,2296,24.019,4,0.129,-0.337,0.104
E01003481,1558,28.627,3,0.157,0.321,-0.316
E01003482,3092,27.209,3,0.109,-0.06,0.489
E01003483,1596,37.192,2,0.237,0.219,0.669
E01003484,1717,22.723,4,0.151,-0.158,0.067
E01003485,1639,24.091,4,0.129,-0.102,0.706
E01003486,1262,47.765,1,0.294,0.641,1.199
E01003487,1340,43.594,2,0.298,0.653,0.101
E01003488,1987,40.69,2,0.268,0.347,0.646
E01003489,1824,34.363,2,0.236,0.009,0.577
E01003490,1945,31.017,3,0.212,-0.068,0.29
E01003491,2209,29.506,3,0.186,-0.43,0.547
E01003492,2199,24.941,4,0.114,-0.144,0.336
E01003493,2445,27.328,3,0.157,-0.345,0.411
E01003494,2390,21.333,5,0.113,-0.751,0.105
E01003495,2202,17.983,5,0.103,-0.603,-0.269
E01003496,1424,28.548,3,0.185,-0.053,0.365
E01003497,1717,33.279,2,0.198,0.264,0.708
E01003498,1855,33.218,3,0.193,0.253,0.892
E01003499,2601,40.608,2,0.247,0.485,0.991
E01003500,2202,34.325,2,0.183,0.41,0.625
E01003501,2355,36.283,2,0.215,0.076,0.925
E01003502,2042,36.469,2,0.23,0.009,1.062
E01003503,2246,39.386,2,0.226,0.368,1.232
E01003506,1318,45.294,1,0.289,0.898,0.888
E01003507,2518,33.98,2,0.159,0.368,0.819
E01003508,1896,36.928,2,0.187,0.361,1.409
E01003509,2108,35.443,2,0.197,0.287,0.688
E01003511,1613,35.284,2,0.198,0.641,0.916
E01003512,1951,35.298,2,0.201,0.348,0.948
E01003513,1707,22.174,4,0.111,-0.362,0.412
E01003514,1604,36.673,2,0.198,0.59,0.314
E01003515,1925,47.7,1,0.284,0.833,1.678
E01003516,1909,39.917,2,0.25,0.48,0.323
E01003517,1757,46.731,1,0.284,1.202,1.269
E01003518,1671,22.636,4,0.118,-0.334,0.004
E01003519,1618,29.409,3,0.163,0.146,0.158
E01003520,2173,26.667,3,0.147,-0.562,1.075
E01003521,2537,28.488,3,0.1,-0.505,1.053
E01003522,1941,31.365,3,0.183,0.021,0.387
E01003523,2073,31.507,3,0.183,0.12,0.532
E01003524,2258,28.552,3,0.147,-0.655,0.094
E01003525,2167,30.664,3,0.149,-0.815,1.282
E01003526,1951,30.073,3,0.168,0.073,0.329
E01003527,2138,19.947,5,0.092,-0.568,0.211
E01003528,1481,30.372,3,0.212,-0.293,-0.142
E01003529,2461,23.37,4,0.149,-0.669,-0.149
E01003530,1842,21.945,4,0.142,-0.558,-0.099
E01003531,2166,29.192,3,0.183,-0.307,0.808
E01003532,2084,25.259,4,0.152,-0.555,0.546
E01003533,2180,27.567,3,0.158,-0.221,0.354
E01003534,2412,25.169,4,0.146,-0.558,-0.078
E01003535,1807,42.56,2,0.259,0.453,0.473
E01003536,1911,29.531,3,0.178,-0.151,0.525
E01003537,2219,25.312,4,0.144,-0.01,0.16
E01003538,2184,32.047,3,0.189,0.058,0.539
E01003539,2375,27.345,3,0.166,-0.123,0.486
E01003540,2034,38.68,2,0.218,0.445,0.551
E01003541,2062,27.163,3,0.155,-0.367,0.444
E01003542,2060,32.819,3,0.21,0.183,0.367
E01003543,2665,23.221,4,0.142,-0.118,0.1
E01003544,1875,28.703,3,0.134,0.07,0.744
E01003545,1783,27.152,3,0.149,0.127,0.483
E01003546,1902,33.531,2,0.202,0.306,0.875
E01003547,1965,18.936,5,0.102,-0.528,-0.033
E01003548,2338,22.286,4,0.12,-0.498,0.346
E01003549,2175,25.608,4,0.145,-0.078,0.311
E01003550,1860,26.959,3,0.169,-0.292,-0.094
E01003551,1915,34.983,2,0.173,0.881,0.688
E01003552,1736,29.808,3,0.175,-0.134,0.301
E01003553,1901,35.838,2,0.231,0.498,0.772
E01003554,1933,21.902,4,0.108,-0.083,0.528
E01003555,1906,25.848,4,0.13,-0.111,0.87
E01003556,2080,42.29,2,0.255,0.229,1.549
E01003557,2086,36.797,2,0.203,0.313,1.101
E01003558,1617,38.255,2,0.217,0.228,1.285
E01003559,2609,20.714,5,0.104,-0.109,0.299
E01003560,1863,28.024,3,0.177,-0.378,-0.085
E01003561,1953,23.743,4,0.141,-0.54,0.23
E01003562,2261,25.879,4,0.144,-0.536,0.16
E01003563,2162,27.104,3,0.165,-0.538,-0.002
E01003564,2435,27.393,3,0.162,-0.187,0.348
E01003565,1931,25.412,4,0.158,0.121,0.209
E01003566,1851,30.414,3,0.158,-0.093,0.846
E01003567,1923,32.133,3,0.21,0.04,0.311
E01003568,2367,24.045,4,0.139,-0.06,0.079
E01003569,1959,27.715,3,0.162,-0.316,0.846
E01003570,2074,31.336,3,0.164,0.077,0.894
E01003571,2278,27.983,3,0.177,-0.023,0.195
E01003572,1775,27.781,3,0.183,-0.075,0.075
E01003573,2234,27.069,3,0.147,0.207,-0.012
E01003574,2620,29.332,3,0.184,-0.088,0.142
E01003575,1759,29.833,3,0.195,-0.43,0.299
E01003576,2065,38.074,2,0.228,0.303,0.882
E01003577,2210,40.868,2,0.251,0.604,0.585
E01003578,2209,26.188,4,0.13,-0.228,0.497
E01003579,2049,28.483,3,0.15,-0.106,0.073
E01003580,2003,32.832,3,0.196,-0.191,0.288
E01003581,1958,26.783,3,0.147,-0.445,0.222
E01003582,1745,30.905,3,0.197,-0.198,0.198
E01003583,1978,28.482,3,0.171,0.023,-0.003
E01003584,2026,29.49,3,0.181,-0.05,0.701
E01003585,1733,27.968,3,0.156,-0.047,0.236
E01003586,1968,29.95,3,0.173,0.093,0.441
E01003587,2604,28.048,3,0.192,-0.308,0.383
E01003588,1851,29.189,3,0.183,0.017,-0.013
E01003589,1965,26.805,3,0.165,-0.074,0.228
E01003590,1566,38.34,2,0.226,0.569,0.907
E01003591,2277,34.139,2,0.21,-0.066,0.256
E01003592,1897,34.378,2,0.2,0.561,0.609
E01003593,1565,32.672,3,0.216,0.298,-0.1
E01003594,1792,29.213,3,0.19,0.011,0.159
E01003595,1849,29.76,3,0.183,0.256,-0.146
E01003596,1889,25.24,4,0.146,0.08,0.152
E01003597,1625,25.676,4,0.169,-0.29,0.114
E01003598,2034,31.237,3,0.234,0.049,-0.328
E01003599,1661,31.152,3,0.201,-0.18,0.545
E01003600,1686,34.336,2,0.204,0.214,0.64
E01003601,2293,37.186,2,0.204,0.408,0.995
E01003602,2182,26.11,4,0.147,0.082,0.461
E01003603,1995,22.804,4,0.136,-0.312,0.048
E01003604,2433,35.681,2,0.201,0.319,0.773
E01003605,2371,29.461,3,0.169,-0.33,0.182
E01003606,2421,28.551,3,0.146,-0.37,0.948
E01003607,1772,30.506,3,0.184,-0.021,0.512
E01003608,2209,23.936,4,0.099,-0.332,0.879
E01003609,3894,23.035,4,0.143,0.054,0.181
E01003611,1953,31.396,3,0.249,0.221,-0.444
E01003615,1945,27.328,3,0.165,0.196,0.125
E01003616,1864,29.41,3,0.165,0.229,0.995
E01003617,2972,30.044,3,0.14,-0.243,1.269
E01003618,2154,26.797,3,0.121,-0.291,1.064
E01003619,2362,35.297,2,0.194,0.643,0.895
E01003621,1696,23.076,4,0.147,-0.243,-0.161
E01003622,1769,33.739,2,0.178,0.022,0.901
E01003623,1891,31.385,3,0.179,0.114,0.412
E01003624,1727,31.648,3,0.195,0.106,0.413
E01003625,1787,28.623,3,0.14,-0.289,0.48
E01003626,1575,23.921,4,0.111,0.005,0.111
E01003627,1555,28.43,3,0.193,0.161,0.11
E01003628,1749,21.405,5,0.125,-0.332,0.231
E01003629,1602,26.957,3,0.163,-0.375,-0.109
E01003630,2198,29.832,3,0.208,-0.069,0.441
E01003631,1901,27.243,3,0.176,-0.198,0.266
E01003632,2496,20.975,5,0.121,-0.477,-0.061
E01003633,1890,39.451,2,0.249,0.416,0.518
E01003634,1932,31.094,3,0.184,0.285,0.037
E01003635,2001,24.619,4,0.128,-0.495,1.066
E01003636,2044,32.341,3,0.213,0.155,1.02
E01003637,1920,21.981,4,0.11,-0.065,0.438
E01003638,1695,17.693,5,0.139,-0.773,-0.032
E01003639,2012,20.275,5,0.126,-0.285,0.383
E01003640,1847,17.809,5,0.091,-0.753,0.829
E01003641,1631,14.28,6,0.12,-0.937,0.107
E01003642,1802,16.546,6,0.127,-0.752,0.1
E01003643,2017,11.343,7,0.075,-0.676,0.168
E01003644,1619,12.62,7,0.093,-1.256,0.055
E01003645,2732,19.419,5,0.107,0.056,0.188
E01003646,1962,12.374,7,0.094,-1.283,0.339
E01003647,1883,13.468,7,0.088,-1.188,0.651
E01003648,1504,7.595,9,0.063,-0.838,-0.263
E01003649,1639,9.01,8,0.084,-0.861,-0.536
E01003650,1498,16.216,6,0.134,-0.333,0.077
E01003651,1504,11.315,7,0.081,-1.085,0.367
E01003652,1604,8.078,9,0.066,-1.386,-0.081
E01003653,1610,14.35,6,0.093,-1.251,0.652
E01003654,1615,18.26,5,0.125,-0.345,0.64
E01003655,1569,10.104,8,0.063,-0.997,0.57
E01003656,1578,27.96,3,0.161,-0.158,0.768
E01003657,2328,12.312,7,0.072,-1.341,0.297
E01003658,1787,22.802,4,0.162,-0.15,0.323
E01003659,1734,10.666,8,0.068,-0.844,0.018
E01003660,1798,6.729,9,0.035,-1.4,-0.501
E01003661,1930,18.026,5,0.139,0.13,0.272
E01003662,2233,18.066,5,0.135,-0.304,0.444
E01003663,1918,15.078,6,0.133,-0.602,-0.034
E01003664,1758,15.719,6,0.13,-0.842,-0.451
E01003665,1728,11.889,7,0.097,-0.773,-0.232
E01003666,2920,20.279,5,0.161,-0.508,-0.313
E01003668,1688,8.929,8,0.063,-0.776,0.245
E01003669,1675,6.169,9,0.028,-1.292,0.013
E01003670,1545,9.549,8,0.067,-1.244,-0.482
E01003671,1557,3.631,10,0.029,-1.257,-0.381
E01003672,1783,17.186,6,0.142,-0.21,-0.126
E01003673,1872,10.701,8,0.041,-1.272,-0.01
E01003674,2460,8.999,8,0.06,-0.723,0.008
E01003675,1720,14.67,6,0.091,-1.069,1.084
E01003676,1804,10.273,8,0.077,-0.758,-0.003
E01003677,1664,9.431,8,0.064,-0.952,-0.179
E01003678,1627,9.727,8,0.073,-1.165,0.157
E01003679,1699,9.012,8,0.067,-0.958,-0.002
E01003680,1940,7.709,9,0.066,-1.547,-0.29
E01003681,1861,15.84,6,0.13,-0.876,0.238
E01003682,1773,8.29,9,0.068,-1.76,0.344
E01003683,2280,20.176,5,0.155,-0.855,0.048
E01003684,1958,18.413,5,0.168,-0.841,-0.196
E01003685,1955,20.929,5,0.177,-0.626,0.386
E01003686,2128,26.378,4,0.152,-0.651,1.101
E01003688,1942,25.262,4,0.171,-0.358,0.54
E01003689,1749,31.258,3,0.182,0.175,1.622
E01003690,1908,18.556,5,0.11,-0.659,1.337
E01003691,1549,13.561,7,0.113,-0.49,0.007
E01003692,1689,14.631,6,0.124,-1.147,0.21
E01003693,1621,14.247,6,0.111,-0.896,0.53
E01003694,1471,16.177,6,0.127,-1.251,0.681
E01003695,1524,22.931,4,0.171,-0.346,0.24
E01003696,1961,11.491,7,0.121,-1.172,-0.29
E01003697,1683,17.925,5,0.113,-1.059,0.698
E01003698,1432,14.458,6,0.075,-0.774,0.476
E01003699,1590,13.898,7,0.085,-0.583,0.199
E01003700,2298,18.062,5,0.115,-0.466,0.259
E01003701,1836,16.423,6,0.095,-0.657,0.862
E01003702,1798,16.747,6,0.113,-0.516,0.391
E01003703,2699,14.522,6,0.093,-1.363,-0.106
E01003704,1770,18.734,5,0.128,-0.261,0.108
E01003705,2337,14.277,6,0.103,-1.19,0.674
E01003706,1714,16.311,6,0.152,-0.512,-0.364
E01003707,1351,15.526,6,0.127,-1.016,0.365
E01003708,1562,28.999,3,0.221,0.01,0.06
E01003709,1708,9.673,8,0.071,-1.058,0.007
E01003710,1465,10.916,8,0.078,-0.762,0.211
E01003711,1860,16.89,6,0.114,-0.292,0.527
E01003712,1221,39.856,2,0.297,0.36,0.13
E01003713,1816,17.315,6,0.149,-0.653,-0.016
E01003714,2252,19.087,5,0.139,-0.526,0.345
E01003715,2129,19.475,5,0.145,-0.933,0.574
E01003716,1874,22.223,4,0.147,-0.322,1.053
E01003718,1966,18.677,5,0.136,-0.699,0.518
E01003719,2204,23.275,4,0.164,-0.584,1.156
E01003720,1860,30.716,3,0.212,0.404,0.075
E01003721,1866,19.545,5,0.112,-0.256,0.385
E01003722,1986,24.506,4,0.177,-0.344,0.359
E01003723,1909,28.091,3,0.187,-0.406,0.706
E01003724,1464,18.246,5,0.11,-0.647,0.398
E01003725,1564,26.212,4,0.19,-0.251,0.451
E01003726,1607,31.711,3,0.202,-0.093,0.352
E01003727,1705,29.893,3,0.195,0.118,0.649
E01003728,2886,29.17,3,0.156,-0.67,1.049
E01003729,1840,29.466,3,0.203,-0.174,0.723
E01003730,1700,23.485,4,0.182,-0.823,0.354
E01003731,1540,26.421,4,0.206,-0.5,0.61
E01003732,1829,33.926,2,0.257,0.636,0.134
E01003733,1751,25.381,4,0.184,-0.665,0.424
E01003734,1816,22.036,4,0.165,-0.707,0.55
E01003735,2473,34.319,2,0.3,0.028,-0.085
E01003736,1636,25.007,4,0.191,-0.173,0.469
E01003737,1852,14.602,6,0.12,-1.148,0.47
E01003738,2282,14.155,7,0.108,-1.323,0.145
E01003739,2362,19.82,5,0.173,-0.698,0.451
E01003740,2257,18.38,5,0.112,-0.881,0.891
E01003741,1842,16.28,6,0.111,-0.831,0.319
E01003742,2330,15.083,6,0.135,-1.073,0.116
E01003743,1888,20.542,5,0.152,-0.423,0.519
E01003744,1364,8.383,9,0.051,-1.101,-0.139
E01003745,1428,5.743,10,0.026,-1.708,0.032
E01003746,1555,4.117,10,0.035,-1.633,-0.503
E01003747,1309,5.927,9,0.042,-1.609,-0.085
E01003748,1542,4.929,10,0.031,-1.496,-0.148
E01003749,1616,8.362,9,0.053,-0.692,0.122
E01003750,1726,12.172,7,0.083,-0.927,0.382
E01003751,2012,16.317,6,0.112,-0.8,0.212
E01003752,2794,12.74,7,0.103,-1.263,-0.042
E01003753,2065,13.373,7,0.097,-1.183,-0.372
E01003754,1739,13.011,7,0.119,-0.988,-0.277
E01003755,2088,14.75,6,0.136,-1.106,0.157
E01003756,2170,16.868,6,0.13,-0.649,0.036
E01003757,2145,20.327,5,0.152,-0.868,0.311
E01003758,2904,21.133,5,0.162,-0.431,0.244
E01003759,1565,5.02,10,0.035,-1.451,-0.112
E01003760,2005,15.006,6,0.082,-1.191,0.566
E01003761,1841,39.737,2,0.292,0.091,-0.422
E01003762,1704,14.079,7,0.071,-1.265,0.212
E01003763,1996,11.372,7,0.062,-1.457,0.367
E01003764,2157,14.111,7,0.076,-0.79,0.491
E01003765,1890,8.499,9,0.057,-1.139,0.175
E01003766,1892,19.514,5,0.137,-0.578,0.612
E01003767,1991,22.412,4,0.128,-0.36,0.906
E01003768,1834,29.257,3,0.203,0.086,0.659
E01003769,1784,24.749,4,0.156,-0.096,0.573
E01003770,3089,16.679,6,0.108,-0.848,0.746
E01003771,2067,16.92,6,0.132,-0.623,-0.119
E01003772,1815,17.275,6,0.146,-0.674,-0.038
E01003773,1834,14.99,6,0.112,-0.769,0.452
E01003774,1817,8.887,8,0.058,-0.964,0.037
E01003775,1893,7.581,9,0.042,-1.169,0.338
E01003776,1781,23.873,4,0.189,0.502,-0.209
E01003777,1836,7.823,9,0.042,-1.415,0.464
E01003778,2038,9.642,8,0.06,-0.924,0.173
E01003779,1607,14.112,7,0.1,-0.161,-0.64
E01003780,1574,5.828,10,0.027,-1.709,-0.109
E01003781,1871,17.125,6,0.144,-0.874,0.582
E01003782,1801,21.961,4,0.149,-0.879,0.806
E01003783,2496,34.175,2,0.209,-0.09,1.342
E01003784,1873,18.41,5,0.132,-0.673,0.341
E01003785,2094,25.704,4,0.173,-0.638,1.005
E01003786,1558,12.992,7,0.1,-0.97,-0.095
E01003787,1585,15.402,6,0.107,-0.925,0.099
E01003788,1958,24.91,4,0.15,-0.213,0.59
E01003789,1442,10.258,8,0.041,-1.206,0.406
E01003790,1464,16.218,6,0.108,-0.409,0.14
E01003791,1529,15.669,6,0.042,-1.096,1.652
E01003792,1433,11.304,7,0.055,-1.061,0.881
E01003793,1650,24.975,4,0.161,0.096,0.433
E01003794,1564,7.939,9,0.06,-1.343,-0.311
E01003795,1223,8.353,9,0.032,-1.281,0.465
E01003796,1608,9.481,8,0.055,-1.409,0.372
E01003797,1468,5.944,9,0.029,-2.015,0.185
E01003798,1476,8.509,9,0.079,-1.117,-0.238
E01003799,1628,7.18,9,0.024,-2.369,0.36
E01003800,1488,13.145,7,0.106,-0.96,0.009
E01003801,1283,4.028,10,0.024,-1.658,-0.52
E01003802,1294,4.675,10,0.026,-2.452,-0.503
E01003803,1494,23.823,4,0.185,-0.082,-0.254
E01003804,1708,5.756,10,0.047,-1.819,-0.799
E01003805,1602,3.697,10,0.01,-3.031,-0.369
E01003806,1606,8.022,9,0.019,-2.666,0.751
E01003807,1951,7.831,9,0.067,-1.237,-0.517
E01003808,1900,5.994,9,0.053,-1.65,-0.501
E01003809,1712,6.067,9,0.024,-2.322,-0.083
E01003810,1690,7.461,9,0.058,-1.162,-0.173
E01003811,1771,5.515,10,0.044,-1.543,-0.493
E01003812,1986,7.792,9,0.062,-0.765,-0.335
E01003813,1645,4.739,10,0.029,-1.338,-0.382
E01003814,1732,8.961,8,0.074,-0.738,-0.407
E01003815,1957,8.914,8,0.081,-0.824,-0.502
E01003816,1747,12.147,7,0.057,-1.095,0.48
E01003817,1959,11.002,8,0.064,-1.408,0.737
E01003818,1632,7.107,9,0.076,-1.69,0.091
E01003819,1714,28.717,3,0.208,0.161,0.431
E01003820,2076,11.453,7,0.097,-1.158,-0.474
E01003821,1551,5.143,10,0.03,-1.785,-0.537
E01003822,1432,2.997,10,0.015,-2.269,-0.184
E01003823,1705,7.241,9,0.033,-2.096,0.375
E01003824,1623,4.594,10,0.042,-1.356,-0.243
E01003825,1818,3.249,10,0.033,-1.831,-0.714
E01003826,1800,22.898,4,0.164,0.188,0.097
E01003827,1886,8.485,9,0.07,-1.25,-0.204
E01003828,1521,6.069,9,0.041,-1.432,-0.09
E01003829,1700,26.698,3,0.167,0.354,0.38
E01003830,1743,9.449,8,0.066,-1.206,-0.251
E01003831,1720,10.154,8,0.057,-0.897,0.709
E01003832,1495,37.019,2,0.234,0.471,0.28
E01003833,1423,16.556,6,0.119,-0.545,0.135
E01003834,2249,7.292,9,0.048,-1.062,-0.051
E01003835,1619,4.465,10,0.024,-2.107,-0.167
E01003836,1480,12.983,7,0.093,-0.663,0.137
E01003837,1984,7.835,9,0.054,-1.72,0.329
E01003838,1913,7.339,9,0.052,-1.682,-0.208
E01003839,2146,13.14,7,0.105,-1.451,0.061
E01003840,1622,14.808,6,0.112,-1.108,0.203
E01003841,2075,26.04,4,0.189,-0.016,0.167
E01003842,1655,20.358,5,0.126,-0.172,0.393
E01003843,2117,15.73,6,0.12,-1.118,-0.395
E01003844,1448,9.207,8,0.051,-1.052,0.294
E01003845,1707,9.314,8,0.057,-1.377,0.174
E01003846,1709,4.171,10,0.018,-2.735,-0.379
E01003847,1523,6.72,9,0.049,-1.912,-0.044
E01003848,1855,11.354,7,0.073,-1.247,0.342
E01003849,1509,8.448,9,0.05,-1.362,0.099
E01003851,1633,5.879,10,0.019,-2.241,0.415
E01003852,1382,13.631,7,0.075,-1.347,1.043
E01003853,1506,11.466,7,0.084,-1.067,0.075
E01003854,1489,7.824,9,0.052,-1.623,0.404
E01003855,1865,19.172,5,0.16,-0.661,0.204
E01003856,1623,6.295,9,0.063,-1.553,-0.41
E01003857,1918,5.533,10,0.048,-1.808,-0.526
E01003858,1622,3.877,10,0.024,-1.562,-0.424
E01003859,1637,6.736,9,0.045,-1.544,0.049
E01003860,1763,9.269,8,0.057,-1.598,0.314
E01003861,1863,8.226,9,0.065,-1.349,0.024
E01003862,1673,17.786,5,0.108,-0.63,0.679
E01003863,1463,18.695,5,0.136,-0.668,0.441
E01003864,1522,7.131,9,0.044,-1.475,-0.108
E01003865,1353,11.466,7,0.083,-1.053,-0.032
E01003866,1669,3.804,10,0.01,-2.334,-0.677
E01003867,1537,11.779,7,0.069,-1.017,0.277
E01003868,1507,5.583,10,0.032,-1.63,0.043
E01003869,1652,5.06,10,0.027,-1.56,-0.003
E01003870,1922,5.807,10,0.027,-1.894,-0.143
E01003871,1859,4.824,10,0.041,-1.808,-0.415
E01003872,1503,7.634,9,0.042,-1.804,0.529
E01003873,1655,7.46,9,0.046,-1.65,0.412
E01003874,1563,5.246,10,0.036,-1.652,-0.58
E01003875,1624,7.33,9,0.063,-1.758,0.153
E01003876,1670,6.706,9,0.034,-1.932,0.213
E01003877,1641,6.021,9,0.04,-1.668,-0.386
E01003878,1424,19.583,5,0.164,-0.253,0.126
E01003879,1646,5.901,10,0.025,-2.577,0.076
E01003880,1479,6.098,9,0.048,-1.543,-0.205
E01003881,1776,4.598,10,0.028,-1.835,-1.103
E01003882,1916,6.198,9,0.035,-1.378,-0.239
E01003883,1911,4.784,10,0.043,-0.962,-1.195
E01003884,1815,5.571,10,0.044,-1.395,0.082
E01003885,1528,6.094,9,0.043,-1.495,0.296
E01003886,1730,3.466,10,0.027,-2.095,-0.541
E01003887,1794,4.573,10,0.026,-1.724,-0.443
E01003888,2047,13.591,7,0.115,-0.388,-0.894
E01003889,1740,4.826,10,0.017,-1.783,-0.091
E01003890,1570,6.593,9,0.045,-1.662,-0.715
E01003891,1812,2.666,10,0.029,-2.048,-1.196
E01003892,2017,3.779,10,0.022,-1.902,-0.625
E01003893,1602,6.7,9,0.037,-1.658,-0.478
E01003894,1752,4.823,10,0.032,-1.924,-0.117
E01003895,1750,8.016,9,0.051,-1.804,0.125
E01003896,1870,7.551,9,0.033,-1.759,0.156
E01003897,1847,8.295,9,0.057,-1.176,0.216
E01003898,1596,7.887,9,0.065,-0.996,-0.01
E01003899,1474,5.147,10,0.038,-1.456,-0.295
E01003900,1570,21.164,5,0.145,-0.222,0.582
E01003901,1768,7.055,9,0.035,-1.309,0.035
E01003902,1316,5.894,10,0.038,-1.55,-0.529
E01003903,1673,13.193,7,0.076,-1.261,0.768
E01003904,1689,10.731,8,0.075,-1.028,-0.008
E01003905,1392,7.581,9,0.063,-0.785,-0.181
E01003906,1730,12.068,7,0.084,-0.749,-0.305
E01003907,1765,20.973,5,0.141,-0.34,0.18
E01003908,1837,6.907,9,0.043,-1.72,0.258
E01003909,1619,7.634,9,0.054,-1.562,0.174
E01003910,1719,6.487,9,0.036,-1.537,-0.256
E01003911,1802,29.823,3,0.213,0.077,0.238
E01003912,1458,40.627,2,0.286,0.905,0.454
E01003913,1945,19.198,5,0.118,-0.085,0.46
E01003914,1953,21.514,5,0.137,0.033,0.162
E01003915,1916,28.036,3,0.19,0.21,0.146
E01003916,2241,24.749,4,0.165,0.011,0.565
E01003917,1926,30.163,3,0.215,0.403,0.809
E01003918,1545,34.58,2,0.239,0.043,1.251
E01003919,1827,23.585,4,0.109,-0.302,1.144
E01003920,1957,32.296,3,0.237,0.275,0.401
E01003921,1596,39.685,2,0.19,1.058,1.236
E01003922,2121,30.64,3,0.204,0.27,1.071
E01003923,1837,26.667,3,0.172,0.0,0.616
E01003924,2031,31.183,3,0.206,0.27,0.316
E01003925,1577,32.72,3,0.21,0.316,0.195
E01003926,1437,31.441,3,0.225,0.38,0.664
E01003927,3056,16.421,6,0.087,-0.05,-0.475
E01003929,2337,22.973,4,0.123,-0.068,0.207
E01003930,1589,28.921,3,0.116,0.277,0.874
E01003932,1570,38.967,2,0.248,0.828,0.356
E01003933,1533,33.607,2,0.155,0.647,1.56
E01003934,1756,18.616,5,0.118,-0.128,-0.804
E01003935,1300,21.011,5,0.153,0.497,-0.754
E01003936,3263,14.247,6,0.02,-0.592,-0.356
E01003937,1364,24.291,4,0.077,0.253,0.883
E01003938,1632,31.171,3,0.23,0.314,0.502
E01003939,1904,20.471,5,0.116,0.253,-0.004
E01003940,1379,33.392,2,0.276,0.241,0.346
E01003941,2031,18.245,5,0.106,-0.159,0.587
E01003942,1560,31.341,3,0.21,0.622,0.733
E01003943,1211,40.136,2,0.261,0.437,1.528
E01003945,1723,16.412,6,0.078,-0.424,0.715
E01003946,1788,17.006,6,0.088,-0.416,0.895
E01003947,1509,36.138,2,0.304,0.789,-0.198
E01003948,1679,17.282,6,0.102,-0.149,0.636
E01003949,1967,17.081,6,0.102,-0.07,0.006
E01003950,1849,27.465,3,0.189,0.05,0.159
E01003951,1478,16.049,6,0.066,-0.231,0.619
E01003952,1723,15.594,6,0.092,-0.25,0.299
E01003953,2109,18.641,5,0.096,0.208,0.262
E01003954,1632,17.262,6,0.095,0.066,0.237
E01003955,1962,18.283,5,0.107,0.329,0.026
E01003956,1721,11.825,7,0.077,-0.332,-0.154
E01003957,1790,14.122,7,0.092,-0.119,-0.073
E01003958,1749,16.322,6,0.098,-0.126,0.035
E01003960,1984,27.356,3,0.145,0.159,0.789
E01003961,2150,37.844,2,0.251,0.634,0.744
E01003963,1626,39.212,2,0.278,0.575,0.75
E01003964,2152,35.378,2,0.191,0.02,1.338
E01003966,1949,33.346,2,0.206,0.495,1.007
E01003967,984,31.354,3,0.176,0.211,0.702
E01003968,1334,46.579,1,0.356,0.742,0.801
E01003969,2386,24.1,4,0.144,-0.318,0.831
E01003970,1234,38.992,2,0.264,0.297,1.594
E01003971,1374,50.411,1,0.382,0.541,1.271
E01003972,1729,27.729,3,0.179,0.232,0.514
E01003973,1722,29.812,3,0.192,0.323,0.718
E01003974,1319,35.37,2,0.248,0.095,0.943
E01003975,1849,31.043,3,0.228,0.095,0.645
E01003976,2276,30.428,3,0.177,0.515,0.708
E01003977,2127,27.452,3,0.17,0.359,0.32
E01003978,2710,22.926,4,0.149,-0.26,0.189
E01003979,1754,29.514,3,0.166,0.887,0.612
E01003980,1964,32.853,3,0.205,0.77,0.571
E01003981,2278,26.493,4,0.107,0.599,0.947
E01003983,2296,31.14,3,0.233,-0.192,0.342
E01003984,2058,35.23,2,0.227,0.454,1.32
E01003986,1574,38.146,2,0.273,0.389,0.776
E01003987,1873,34.241,2,0.258,0.482,0.125
E01003988,2300,31.655,3,0.189,-0.041,0.649
E01003989,1959,28.863,3,0.214,-0.35,0.756
E01003990,2190,31.077,3,0.253,0.177,0.261
E01003991,1189,39.26,2,0.29,0.824,0.628
E01003992,1710,32.416,3,0.243,0.25,0.235
E01003993,1951,28.38,3,0.198,0.236,0.149
E01003994,1484,35.666,2,0.222,0.538,1.238
E01003995,1479,35.076,2,0.206,0.887,0.764
E01003997,1300,30.268,3,0.192,0.18,1.119
E01003998,1467,25.146,4,0.123,0.321,0.291
E01003999,1560,24.487,4,0.166,-0.017,0.402
E01004000,2181,27.983,3,0.183,0.2,0.28
E01004001,1794,35.784,2,0.248,0.802,0.232
E01004002,1912,17.58,6,0.084,-0.279,0.288
E01004003,1946,35.58,2,0.236,0.595,0.687
E01004004,2837,31.644,3,0.197,0.577,0.686
E01004005,2392,45.149,1,0.282,1.141,0.75
E01004006,2219,26.449,4,0.144,0.248,0.624
E01004007,1346,39.431,2,0.335,0.459,0.47
E01004008,2050,34.841,2,0.246,0.245,0.872
E01004010,1601,32.313,3,0.205,-0.016,1.43
E01004011,2412,30.983,3,0.23,0.208,0.281
E01004012,2466,27.301,3,0.195,0.008,0.189
E01004013,1484,39.137,2,0.28,0.599,0.83
E01004014,1763,33.895,2,0.26,0.534,-0.128
E01004015,1659,22.806,4,0.099,0.413,1.317
E01004016,2602,20.176,5,0.133,-0.062,0.124
E01004017,1563,15.612,6,0.099,-0.114,-0.01
E01004018,1935,11.302,7,0.068,-0.472,-0.2
E01004019,2506,24.043,4,0.193,0.027,-0.1
E01004020,1739,28.028,3,0.226,-0.107,-0.14
E01004021,2124,14.812,6,0.095,-0.364,-0.127
E01004022,3548,24.603,4,0.161,0.033,0.874
E01004023,1833,28.547,3,0.177,0.305,1.129
E01004024,2234,31.179,3,0.202,0.949,0.599
E01004027,2389,19.542,5,0.129,-0.002,-0.829
E01004028,2532,26.416,4,0.184,0.482,0.511
E01004029,2309,12.382,7,0.083,-0.316,-0.077
E01004030,1596,24.934,4,0.163,0.123,0.499
E01004031,2174,25.963,4,0.146,-0.058,1.235
E01004032,1956,8.261,9,0.023,-0.615,-0.149
E01004033,2595,27.067,3,0.191,-0.033,0.93
E01004034,1751,25.711,4,0.177,0.046,0.379
E01004035,1514,36.203,2,0.207,1.266,1.167
E01004036,2151,31.501,3,0.226,0.253,0.498
E01004037,2108,25.892,4,0.171,0.226,0.494
E01004038,2549,22.29,4,0.151,-0.209,0.443
E01004039,1677,22.583,4,0.115,-0.321,0.641
E01004040,1860,39.89,2,0.264,0.489,0.962
E01004041,1725,27.397,3,0.159,-0.031,0.855
E01004042,1789,45.391,1,0.306,0.94,1.234
E01004043,1486,26.395,4,0.132,0.209,0.936
E01004044,1562,31.112,3,0.207,0.454,0.31
E01004045,1537,27.322,3,0.217,0.076,-0.541
E01004046,1762,17.334,6,0.101,-0.097,0.404
E01004047,1643,24.36,4,0.188,0.118,-0.361
E01004048,1617,20.516,5,0.133,-0.137,0.317
E01004049,2096,16.687,6,0.115,-0.304,-0.342
E01004050,1573,14.511,6,0.058,-0.765,0.404
E01004051,1657,9.731,8,0.045,-0.228,-0.149
E01004052,1891,15.763,6,0.087,-0.414,0.397
E01004053,1901,8.683,8,0.042,-0.249,-0.385
E01004054,1631,8.354,9,0.036,-0.41,-0.361
E01004055,1300,38.922,2,0.229,0.443,0.803
E01004056,2118,19.671,5,0.13,0.039,0.286
E01004057,1712,21.669,4,0.142,0.11,0.756
E01004058,1758,8.41,9,0.024,-0.678,0.245
E01004059,1491,17.254,6,0.032,-0.088,1.322
E01004060,2010,31.991,3,0.179,0.592,0.46
E01004061,1880,21.531,5,0.101,-0.205,1.389
E01004062,2301,29.363,3,0.183,0.372,1.046
E01004063,2044,27.404,3,0.148,0.634,1.408
E01004064,2095,30.525,3,0.207,0.338,0.908
E01004065,1518,19.287,5,0.11,0.25,0.421
E01004066,2164,23.913,4,0.166,-0.199,0.522
E01004067,2264,35.543,2,0.19,-0.067,1.977
E01004068,2127,34.366,2,0.232,0.555,0.721
E01004069,1516,9.326,8,0.019,-1.205,1.011
E01004070,2031,13.134,7,0.095,-0.519,0.009
E01004071,1513,18.227,5,0.15,0.058,-0.423
E01004072,1825,9.199,8,0.051,-1.003,0.264
E01004073,2137,8.556,9,0.061,-0.922,-0.147
E01004074,1947,9.778,8,0.043,-1.161,0.58
E01004075,1817,8.625,8,0.019,-1.3,0.718
E01004076,1569,18.319,5,0.117,-0.463,-0.09
E01004077,1603,13.521,7,0.079,-0.473,0.279
E01004078,1715,15.61,6,0.099,-0.32,-0.143
E01004079,1431,8.556,9,0.04,-0.958,0.445
E01004080,1336,9.86,8,0.058,-0.952,0.031
E01004081,1598,12.414,7,0.085,-0.356,-0.708
E01004082,1420,5.317,10,0.046,-1.253,-0.533
E01004083,1415,44.327,1,0.308,0.912,0.447
E01004084,1450,5.77,10,0.041,-1.337,-0.639
E01004085,1604,8.478,9,0.041,-1.278,-0.055
E01004086,1821,15.277,6,0.117,-0.498,0.509
E01004087,1464,5.727,10,0.046,-0.989,-0.22
E01004088,1941,43.226,2,0.297,0.541,0.697
E01004089,1453,35.547,2,0.216,1.045,0.123
E01004090,1318,34.411,2,0.244,0.348,-0.773
E01004091,1276,4.563,10,0.031,-1.347,-2.354
E01004092,1501,7.536,9,0.026,-1.57,0.118
E01004093,1539,5.418,10,0.037,-1.14,-0.37
E01004094,1813,4.481,10,0.041,-0.86,-1.039
E01004095,1514,5.625,10,0.028,-0.968,-1.099
E01004096,1509,18.894,5,0.115,-0.262,-0.291
E01004097,1728,4.804,10,0.047,-1.175,-0.394
E01004098,1272,5.989,9,0.06,-0.788,-0.391
E01004099,1446,21.103,5,0.16,0.134,0.495
E01004100,1475,7.356,9,0.067,-1.158,-0.148
E01004101,1399,4.687,10,0.035,-1.265,-0.482
E01004102,1434,10.815,8,0.052,-0.586,0.337
E01004103,1680,8.235,9,0.063,-0.79,-0.697
E01004104,1566,4.084,10,0.032,-1.418,-0.615
E01004105,1881,5.081,10,0.053,-1.359,-0.657
E01004106,1604,3.091,10,0.019,-1.738,-0.726
E01004107,1609,12.514,7,0.098,-0.37,-0.625
E01004108,2020,13.133,7,0.069,-0.606,0.367
E01004109,1712,14.737,6,0.124,-0.36,-0.704
E01004110,1977,9.204,8,0.073,-0.834,-0.854
E01004111,1573,10.447,8,0.074,-0.092,-0.008
E01004112,1605,2.793,10,0.027,-1.353,-0.489
E01004114,1737,4.659,10,0.023,-1.495,-1.029
E01004115,1763,6.163,9,0.051,-1.37,-0.555
E01004116,1607,6.392,9,0.066,-0.926,-0.517
E01004117,1392,4.051,10,0.02,-0.952,-1.04
E01004118,1829,9.787,8,0.074,-0.44,-0.278
E01004119,1432,9.583,8,0.039,-0.758,0.571
E01004120,1622,4.752,10,0.032,-1.369,-0.27
E01004121,1629,8.307,9,0.068,-0.907,0.051
E01004122,1408,5.319,10,0.035,-0.793,-0.462
E01004123,2360,28.156,3,0.154,-0.064,0.802
E01004124,1930,23.237,4,0.166,-0.31,-0.65
E01004125,1604,31.639,3,0.199,0.262,0.861
E01004126,1465,31.361,3,0.214,0.076,0.733
E01004127,1702,19.777,5,0.105,-0.03,0.377
E01004128,1478,23.682,4,0.154,0.179,-1.068
E01004129,1908,34.12,2,0.217,0.404,0.523
E01004130,1609,10.222,8,0.068,-0.798,0.03
E01004131,1720,11.154,8,0.068,-0.401,-0.5
E01004132,1545,6.647,9,0.038,-1.13,-0.138
E01004133,1475,6.482,9,0.043,-0.906,-0.599
E01004134,1457,11.832,7,0.079,-0.617,-0.231
E01004135,1447,7.552,9,0.047,-0.828,-0.054
E01004136,1558,8.396,9,0.052,-0.69,-0.356
E01004137,1710,16.018,6,0.089,-0.238,0.86
E01004138,1696,14.166,7,0.093,-0.614,-0.3
E01004139,1433,9.611,8,0.064,-0.665,-0.094
E01004140,1568,33.998,2,0.215,0.929,0.426
E01004141,1652,21.087,5,0.165,-0.071,0.306
E01004142,2266,25.999,4,0.207,0.257,0.169
E01004143,1447,11.79,7,0.084,-0.604,-0.284
E01004144,1686,8.77,8,0.064,-1.034,-0.055
E01004145,2175,12.273,7,0.088,-0.77,0.137
E01004146,1758,12.483,7,0.072,-0.528,-0.193
E01004147,1606,9.428,8,0.065,-0.47,-0.194
E01004148,1745,23.361,4,0.18,-0.403,0.008
E01004149,1930,9.979,8,0.062,-0.592,-0.256
E01004150,1659,21.634,4,0.165,0.181,-0.502
E01004151,1858,14.853,6,0.074,0.2,-0.358
E01004152,1781,14.903,6,0.112,-0.335,-0.132
E01004153,1892,13.116,7,0.085,-0.528,-0.185
E01004154,1441,4.873,10,0.037,-1.288,-0.86
E01004155,1769,8.123,9,0.051,-0.586,-0.608
E01004156,1887,9.004,8,0.057,-0.627,0.268
E01004157,1252,3.327,10,0.026,-1.141,-0.726
E01004158,1589,7.905,9,0.061,-0.767,-0.713
E01004159,1559,14.179,7,0.091,-0.593,-0.164
E01004160,1647,9.329,8,0.069,-0.761,-0.609
E01004161,1524,8.007,9,0.041,-0.846,-0.526
E01004162,1597,11.476,7,0.086,-0.096,-0.016
E01004163,1654,14.594,6,0.085,-0.7,0.294
E01004164,1408,12.098,7,0.041,-0.445,0.181
E01004165,1770,16.373,6,0.101,0.065,0.323
E01004166,1480,11.417,7,0.08,-0.478,-0.039
E01004167,1391,31.388,3,0.251,0.55,0.316
E01004168,1560,8.689,8,0.042,-0.599,0.167
E01004169,1372,27.196,3,0.195,0.022,0.168
E01004170,2211,10.215,8,0.067,-0.913,-0.237
E01004171,1528,6.369,9,0.044,-0.839,-0.111
E01004172,1668,20.888,5,0.178,-0.252,-0.076
E01004173,1347,13.552,7,0.087,-0.424,0.023
E01004174,1470,17.325,6,0.101,-0.337,0.181
E01004175,1737,10.891,8,0.071,-0.672,-1.068
E01004176,1602,11.911,7,0.074,-0.563,0.13
E01004177,1935,18.938,5,0.14,0.153,-0.018
E01004178,2193,17.18,6,0.119,-0.23,0.137
E01004179,1581,7.235,9,0.046,-1.192,-0.229
E01004180,1687,5.028,10,0.044,-1.385,-0.473
E01004181,1739,16.45,6,0.108,-0.247,-0.85
E01004182,1632,25.061,4,0.199,-0.22,-0.164
E01004183,1787,28.494,3,0.201,0.207,0.333
E01004184,1628,29.765,3,0.201,-0.196,0.637
E01004185,1526,43.208,2,0.278,0.446,0.789
E01004186,1754,13.757,7,0.09,-0.555,0.2
E01004187,1613,22.532,4,0.127,0.284,0.082
E01004188,1842,13.983,7,0.106,-0.72,-0.062
E01004189,1982,28.594,3,0.176,-0.095,0.47
E01004190,1384,4.657,10,0.04,-1.315,-0.441
E01004191,1850,7.762,9,0.056,-1.392,-0.24
E01004192,1993,11.343,7,0.081,-0.668,-0.618
E01004193,2941,12.377,7,0.096,-1.041,-0.439
E01004194,1462,11.041,8,0.073,-0.573,-0.092
E01004195,1709,9.504,8,0.069,-0.862,0.046
E01004196,1527,5.776,10,0.049,-0.906,-0.635
E01004197,2919,27.495,3,0.184,0.43,0.73
E01004198,1610,42.068,2,0.273,1.146,1.152
E01004199,1692,43.877,1,0.296,0.416,1.486
E01004200,1534,27.239,3,0.14,0.369,0.564
E01004201,1654,25.908,4,0.201,0.183,0.338
E01004202,1736,25.423,4,0.152,0.402,1.15
E01004203,1903,28.299,3,0.166,0.465,1.269
E01004204,1842,33.995,2,0.238,0.763,0.671
E01004205,2324,37.904,2,0.259,0.796,0.742
E01004206,1481,43.126,2,0.315,0.759,1.035
E01004207,1373,34.765,2,0.21,0.438,1.011
E01004208,2283,25.084,4,0.119,-0.292,1.303
E01004209,1421,42.475,2,0.3,0.538,1.509
E01004211,1592,31.539,3,0.164,0.727,1.53
E01004212,1989,24.876,4,0.144,0.349,0.794
E01004214,1679,35.567,2,0.265,0.484,-0.117
E01004215,3795,17.411,6,0.134,-0.05,-0.653
E01004216,1839,14.112,7,0.107,0.293,-0.749
E01004217,1984,22.505,4,0.164,0.278,0.544
E01004218,1896,12.658,7,0.098,-0.417,0.267
E01004219,2384,33.685,2,0.22,0.342,1.292
E01004221,2134,18.973,5,0.145,0.593,-0.294
E01004222,2862,37.724,2,0.273,0.675,0.797
E01004223,2321,35.516,2,0.241,0.524,1.21
E01004224,2307,31.203,3,0.203,0.797,0.993
E01004225,2696,20.839,5,0.08,-0.118,-0.037
E01004226,2227,28.641,3,0.224,0.049,0.896
E01004228,2120,21.888,4,0.128,0.238,0.945
E01004229,1617,25.746,4,0.183,0.25,0.54
E01004230,2225,27.77,3,0.184,0.302,0.914
E01004231,1889,32.526,3,0.226,0.333,0.903
E01004232,1791,20.727,5,0.097,-0.46,1.515
E01004233,2085,31.122,3,0.261,0.062,0.394
E01004234,2193,24.249,4,0.112,-0.349,1.913
E01004235,1380,32.56,3,0.262,0.143,0.134
E01004236,1772,38.698,2,0.277,0.511,1.386
E01004237,1433,29.74,3,0.228,-0.017,0.992
E01004238,4477,30.706,3,0.228,0.122,0.95
E01004239,1670,41.301,2,0.272,0.487,1.426
E01004240,1894,31.696,3,0.239,0.114,0.695
E01004241,1801,36.941,2,0.252,0.608,0.79
E01004242,4375,26.689,3,0.194,0.129,0.289
E01004243,1697,36.13,2,0.254,-0.011,0.669
E01004244,2185,43.233,2,0.286,0.6,0.966
E01004245,1517,46.457,1,0.318,0.605,0.949
E01004246,2598,29.919,3,0.21,0.042,1.38
E01004247,2585,41.665,2,0.298,0.673,0.908
E01004248,1743,43.068,2,0.304,0.696,0.309
E01004249,2247,43.123,2,0.29,0.317,1.07
E01004250,2613,39.575,2,0.292,0.644,0.514
E01004251,2324,28.656,3,0.202,0.314,0.895
E01004252,2969,35.19,2,0.276,0.752,0.615
E01004253,3171,28.245,3,0.213,0.06,0.554
E01004254,2760,18.74,5,0.107,-0.594,0.869
E01004255,1691,34.736,2,0.258,0.518,0.533
E01004256,1927,35.605,2,0.276,0.29,0.296
E01004257,2157,32.994,3,0.221,0.329,1.091
E01004258,1580,21.968,4,0.129,-0.273,0.335
E01004259,1744,26.215,4,0.164,0.449,0.947
E01004260,1862,32.227,3,0.242,0.509,0.394
E01004261,2532,25.849,4,0.15,0.319,0.115
E01004262,1666,29.288,3,0.167,0.616,0.886
E01004263,1514,32.958,3,0.221,0.433,0.667
E01004264,1577,34.313,2,0.243,0.614,0.344
E01004266,1539,26.897,3,0.195,0.124,0.813
E01004267,2322,32.998,3,0.24,0.107,1.19
E01004268,1963,34.358,2,0.258,0.712,-0.217
E01004269,2471,32.249,3,0.222,0.587,1.084
E01004270,2789,22.295,4,0.137,-0.428,1.291
E01004271,1710,31.028,3,0.221,0.451,0.635
E01004272,2500,35.145,2,0.274,0.251,0.567
E01004273,2419,36.777,2,0.281,0.13,0.853
E01004274,2142,24.191,4,0.225,-0.194,-0.431
E01004275,2231,13.794,7,0.099,-0.286,-0.532
E01004276,2325,5.371,10,0.026,-1.108,-1.14
E01004277,1710,7.917,9,0.041,-0.429,-2.181
E01004280,1950,25.118,4,0.226,-0.028,-0.493
E01004281,1899,8.22,9,0.06,-0.432,-0.506
E01004283,2607,29.565,3,0.237,0.253,0.187
E01004284,3602,31.368,3,0.265,0.402,0.297
E01004285,2206,39.744,2,0.276,0.589,0.512
E01004286,2557,36.494,2,0.246,0.392,0.81
E01004287,2321,29.947,3,0.24,0.315,0.167
E01004288,1747,37.996,2,0.262,0.79,0.513
E01004289,2076,34.596,2,0.212,0.959,0.867
E01004290,1932,28.558,3,0.196,0.404,0.809
E01004291,1983,9.872,8,0.066,-0.435,-0.354
E01004292,1894,7.73,9,0.045,-0.49,0.033
E01004293,2177,8.793,8,0.06,-0.936,-0.411
E01004294,1818,18.648,5,0.146,-0.169,-0.666
E01004295,1879,31.081,3,0.236,-0.125,0.62
E01004296,2279,26.077,4,0.205,-0.008,0.534
E01004297,1972,9.299,8,0.071,-0.717,-0.11
E01004298,1708,41.255,2,0.281,1.019,0.949
E01004300,1541,36.677,2,0.27,0.695,0.442
E01004301,1402,35.818,2,0.268,0.359,1.173
E01004302,2243,25.269,4,0.182,-0.407,-0.071
E01004303,2894,23.954,4,0.194,-0.177,0.571
E01004304,2117,38.469,2,0.271,0.515,0.937
E01004305,2099,30.888,3,0.223,0.128,0.633
E01004306,1664,36.699,2,0.217,0.628,1.389
E01004307,2869,14.037,7,0.056,-0.636,-0.435
E01004308,1516,28.761,3,0.223,0.051,0.895
E01004309,3314,38.451,2,0.261,0.813,0.598
E01004310,1980,37.267,2,0.252,0.701,0.617
E01004311,1657,38.758,2,0.257,0.665,1.658
E01004312,1551,39.603,2,0.284,0.744,1.218
E01004313,2230,24.564,4,0.179,0.012,0.312
E01004314,1164,21.635,4,0.114,0.08,1.405
E01004315,1744,32.576,3,0.199,0.445,1.676
E01004316,1137,39.089,2,0.218,0.59,2.119
E01004317,3633,27.603,3,0.172,0.374,1.293
E01004318,1600,35.903,2,0.236,0.609,0.893
E01004319,2099,32.582,3,0.251,0.207,0.779
E01004321,1928,33.782,2,0.264,0.159,0.867
E01004322,1346,32.255,3,0.192,0.358,1.521
E01004323,1576,27.821,3,0.201,0.844,0.695
E01004324,1606,37.489,2,0.224,1.239,0.675
E01004325,3066,24.528,4,0.118,-0.259,0.748
E01004326,1755,26.259,4,0.162,-0.1,1.316
E01004327,1204,30.077,3,0.205,-0.146,0.529
E01004328,1940,23.151,4,0.116,-0.395,0.36
E01004329,1950,23.702,4,0.138,-0.087,-0.207
E01004330,1794,16.923,6,0.096,-0.751,0.169
E01004331,1971,22.836,4,0.153,-0.203,-0.441
E01004332,1957,28.195,3,0.145,0.662,0.425
E01004333,1809,27.949,3,0.179,0.176,0.52
E01004334,1532,44.7,1,0.322,0.633,0.638
E01004335,1732,39.67,2,0.273,0.485,0.454
E01004336,1864,24.337,4,0.125,-0.486,0.54
E01004337,2085,26.107,4,0.169,-0.037,0.142
E01004338,1787,19.373,5,0.113,-0.517,0.047
E01004339,1925,24.516,4,0.13,-0.533,0.267
E01004340,1786,43.177,2,0.265,0.778,1.015
E01004341,2000,32.124,3,0.203,0.08,0.71
E01004342,2327,22.387,4,0.125,-0.197,0.405
E01004343,1812,15.753,6,0.086,-0.668,0.254
E01004344,1900,30.519,3,0.157,-0.275,0.846
E01004345,1974,20.885,5,0.117,-0.315,0.274
E01004346,1773,18.181,5,0.126,-0.55,0.553
E01004347,2152,15.495,6,0.1,-0.641,0.206
E01004348,2837,18.169,5,0.122,-0.893,0.105
E01004349,1516,29.854,3,0.184,-0.476,0.543
E01004350,1848,28.615,3,0.186,0.202,-0.159
E01004351,1617,15.035,6,0.095,-0.354,-0.359
E01004352,1907,10.412,8,0.041,-0.773,0.636
E01004353,1837,16.068,6,0.088,-0.637,0.254
E01004354,1884,13.633,7,0.073,-0.337,0.447
E01004355,1668,25.177,4,0.161,-0.154,0.124
E01004356,1619,25.903,4,0.172,-0.411,0.415
E01004357,1613,17.614,6,0.124,-0.642,0.014
E01004358,1830,22.079,4,0.147,-0.007,0.138
E01004359,1719,12.677,7,0.088,-0.582,-0.121
E01004360,1336,13.149,7,0.055,-0.483,0.282
E01004361,1323,15.397,6,0.079,-0.786,0.037
E01004362,1680,23.288,4,0.102,-0.133,0.742
E01004363,1612,19.357,5,0.124,-0.207,0.018
E01004364,1959,32.04,3,0.193,0.011,0.86
E01004365,2344,29.303,3,0.176,-0.039,0.578
E01004366,2022,19.553,5,0.102,-0.215,0.335
E01004367,1684,27.28,3,0.139,-0.045,0.956
E01004368,1954,21.837,4,0.11,-0.067,0.518
E01004369,1921,15.818,6,0.108,-0.392,-0.198
E01004370,1879,14.491,6,0.07,-0.869,0.148
E01004371,1644,20.617,5,0.116,-0.356,0.003
E01004372,1985,11.815,7,0.056,-0.576,-0.535
E01004373,1871,25.577,4,0.119,-0.006,0.04
E01004374,1959,17.097,6,0.1,-0.437,-0.221
E01004375,1860,20.785,5,0.114,-0.327,0.44
E01004376,2065,22.168,4,0.098,0.163,0.18
E01004377,1837,19.845,5,0.114,-0.285,0.772
E01004378,1983,22.983,4,0.13,-0.62,0.407
E01004379,1874,11.817,7,0.061,-0.756,0.571
E01004380,1553,22.668,4,0.148,-0.242,0.685
E01004381,1968,15.405,6,0.105,-0.705,0.396
E01004382,1455,38.703,2,0.289,0.161,0.12
E01004383,1705,14.955,6,0.099,-0.43,-0.026
E01004384,2065,32.114,3,0.197,0.62,0.027
E01004385,1386,33.462,2,0.214,0.089,0.933
E01004386,1703,8.937,8,0.046,-0.675,-0.077
E01004387,1510,7.179,9,0.034,-0.925,-0.155
E01004388,1609,19.354,5,0.119,-0.052,0.352
E01004389,1761,31.036,3,0.204,-0.002,0.353
E01004390,1592,34.954,2,0.223,0.511,0.342
E01004391,2159,21.317,5,0.146,-0.224,0.699
E01004392,2507,26.237,4,0.135,-0.023,0.715
E01004393,2229,21.831,4,0.139,0.082,0.039
E01004394,1825,36.022,2,0.219,0.661,0.84
E01004395,1625,17.268,6,0.097,-0.303,0.472
E01004396,1945,19.912,5,0.124,-0.424,-0.036
E01004397,2559,26.872,3,0.151,-0.631,1.668
E01004398,2067,37.907,2,0.263,0.55,0.289
E01004399,1729,47.476,1,0.313,0.284,1.177
E01004400,1730,29.213,3,0.18,-0.07,0.57
E01004401,2302,22.183,4,0.123,-0.03,0.225
E01004402,1828,32.696,3,0.228,-0.39,0.643
E01004403,1870,30.776,3,0.182,0.052,0.934
E01004404,2772,28.71,3,0.191,0.34,0.081
E01004405,1631,28.415,3,0.153,0.128,0.633
E01004406,1909,22.458,4,0.104,-0.078,0.229
E01004407,2427,41.22,2,0.242,0.124,0.428
E01004408,1653,23.297,4,0.149,-0.045,0.764
E01004409,1688,27.417,3,0.175,0.089,0.816
E01004410,1768,34.24,2,0.24,0.313,0.91
E01004411,1691,26.46,4,0.145,0.302,0.999
E01004412,1776,18.448,5,0.116,-0.761,0.355
E01004413,1648,32.226,3,0.19,0.732,0.331
E01004414,1713,21.52,5,0.129,-0.243,0.89
E01004415,1616,26.422,4,0.165,0.197,0.61
E01004416,1730,22.953,4,0.113,-0.035,0.529
E01004417,1797,23.066,4,0.13,-0.108,0.719
E01004418,1764,19.401,5,0.123,-0.448,0.44
E01004419,1817,21.127,5,0.086,-0.713,0.452
E01004420,2075,42.117,2,0.244,0.529,1.053
E01004421,2098,25.042,4,0.157,-0.504,0.418
E01004422,1751,26.887,3,0.152,-0.572,0.626
E01004423,2121,35.995,2,0.181,0.762,0.579
E01004424,1817,37.256,2,0.218,0.323,0.432
E01004425,2071,25.839,4,0.189,-0.264,0.211
E01004426,1747,25.371,4,0.14,-0.174,0.779
E01004427,2201,21.595,4,0.123,-0.557,0.246
E01004428,1989,39.593,2,0.308,0.2,0.205
E01004429,2015,23.261,4,0.141,-0.193,0.009
E01004430,2224,24.388,4,0.112,0.075,0.884
E01004432,1867,26.399,4,0.146,-0.25,0.953
E01004434,2026,27.787,3,0.186,-0.239,0.212
E01004435,2302,29.027,3,0.151,0.127,0.632
E01004436,1850,26.601,3,0.12,-0.261,0.76
E01004437,1938,25.659,4,0.154,-0.065,0.221
E01004438,2248,20.924,5,0.1,-0.099,0.564
E01004439,1811,19.011,5,0.127,-0.15,0.133
E01004440,2264,25.946,4,0.106,-0.312,0.857
E01004441,1717,18.76,5,0.094,-0.628,0.358
E01004442,1771,13.797,7,0.073,-0.581,-0.574
E01004443,1887,31.365,3,0.17,0.176,1.342
E01004444,2566,34.282,2,0.22,0.262,0.784
E01004445,1634,28.771,3,0.168,0.391,0.863
E01004446,2000,23.406,4,0.14,-0.422,0.395
E01004447,1880,16.828,6,0.098,-0.77,-0.141
E01004448,1898,26.678,3,0.136,-0.203,0.993
E01004449,1774,46.275,1,0.333,0.176,1.035
E01004450,1744,15.897,6,0.072,-0.382,0.241
E01004451,1865,16.07,6,0.097,-1.072,0.195
E01004452,1772,24.84,4,0.153,-0.202,0.43
E01004453,1718,25.765,4,0.122,-0.15,0.744
E01004454,1929,24.382,4,0.15,-0.192,0.281
E01004455,1670,29.351,3,0.178,-0.091,1.188
E01004456,1651,42.734,2,0.313,0.345,0.27
E01004457,1874,20.481,5,0.14,-0.267,0.344
E01004458,1984,26.207,4,0.165,-0.166,0.399
E01004459,1705,43.377,2,0.334,0.084,0.347
E01004460,1893,29.841,3,0.175,0.595,0.563
E01004461,2320,15.24,6,0.095,-0.964,-0.378
E01004462,1918,23.842,4,0.128,0.095,0.36
E01004463,2012,14.978,6,0.107,-0.721,0.106
E01004464,1681,37.506,2,0.271,0.161,0.757
E01004465,1517,18.111,5,0.113,-0.07,-0.232
E01004466,1609,14.801,6,0.101,-0.28,-0.017
E01004467,2400,29.626,3,0.197,0.096,-0.097
E01004468,1712,17.863,5,0.085,-0.588,0.42
E01004469,1721,39.486,2,0.264,0.139,0.36
E01004470,1566,34.263,2,0.173,0.104,1.028
E01004471,1806,32.772,3,0.208,0.17,0.601
E01004472,1924,9.879,8,0.051,-0.563,0.693
E01004473,1743,11.875,7,0.079,-0.093,0.158
E01004474,1923,17.524,6,0.104,-0.109,0.598
E01004475,1469,15.977,6,0.102,-0.146,0.571
E01004476,1921,13.593,7,0.086,-0.284,0.198
E01004477,1705,5.093,10,0.027,-1.251,-0.024
E01004478,1629,4.363,10,0.024,-1.117,-0.615
E01004479,1602,10.238,8,0.045,-0.929,0.106
E01004480,1749,7.239,9,0.045,-0.697,0.044
E01004481,1637,15.155,6,0.092,-0.085,0.322
E01004482,1601,15.123,6,0.09,-0.301,0.385
E01004483,2098,14.025,7,0.086,-0.641,0.209
E01004484,1463,18.333,5,0.101,-0.282,0.664
E01004485,1638,16.136,6,0.113,-0.164,0.056
E01004486,1409,17.646,6,0.097,0.036,0.5
E01004487,1534,21.375,5,0.119,0.007,0.242
E01004488,1472,14.58,6,0.071,-0.483,0.006
E01004489,1388,26.942,3,0.123,0.334,0.406
E01004490,1470,7.244,9,0.035,-0.849,-0.034
E01004491,2944,14.207,7,0.067,-0.537,-1.038
E01004492,1716,15.53,6,0.102,-0.145,-0.198
E01004493,1862,13.604,7,0.105,-0.194,0.098
E01004494,1788,19.102,5,0.137,0.026,0.229
E01004495,1466,23.496,4,0.222,-0.144,0.182
E01004496,2099,11.991,7,0.069,-0.13,0.012
E01004497,1440,16.446,6,0.119,-0.12,-0.636
E01004498,1564,8.707,8,0.064,-0.364,-0.211
E01004499,1526,13.847,7,0.093,-0.248,0.014
E01004500,1915,10.92,8,0.076,-0.502,-0.966
E01004501,1554,17.726,5,0.129,-0.075,-0.248
E01004502,1615,9.379,8,0.038,-1.17,0.29
E01004503,1674,18.546,5,0.111,0.179,-0.332
E01004504,1490,9.832,8,0.075,-0.987,-0.302
E01004505,1687,7.752,9,0.041,-1.452,-0.668
E01004506,1938,9.478,8,0.054,-0.973,-0.1
E01004507,1981,8.65,8,0.064,-1.212,-0.749
E01004508,2155,10.753,8,0.069,-0.943,-0.426
E01004509,2288,15.768,6,0.085,-0.277,0.772
E01004510,2151,8.768,8,0.054,-0.88,0.11
E01004511,1593,8.087,9,0.035,-0.633,0.146
E01004512,1495,12.491,7,0.07,-0.577,0.251
E01004513,1917,18.296,5,0.145,-0.067,0.444
E01004514,1789,9.256,8,0.055,-0.336,-0.144
E01004515,1828,14.846,6,0.099,-0.158,0.181
E01004516,1796,12.313,7,0.069,-0.917,0.015
E01004517,2267,14.927,6,0.112,-0.646,0.017
E01004518,1826,13.045,7,0.09,-0.967,-0.065
E01004519,1832,16.635,6,0.116,-0.311,0.246
E01004520,1440,16.54,6,0.127,-0.723,-0.164
E01004521,2224,16.432,6,0.126,-0.645,-0.238
E01004522,1743,18.304,5,0.15,-0.716,-0.101
E01004523,1839,19.06,5,0.126,-0.371,0.319
E01004524,1867,35.049,2,0.251,0.667,-0.107
E01004525,1954,21.561,4,0.119,-0.207,1.003
E01004526,1679,22.8,4,0.15,0.096,0.91
E01004527,1589,15.258,6,0.09,-0.487,0.763
E01004528,1743,28.667,3,0.201,0.251,0.473
E01004529,2247,13.45,7,0.102,-0.589,0.008
E01004530,1863,15.181,6,0.118,-0.433,-0.141
E01004531,1656,25.305,4,0.184,0.367,0.036
E01004532,1483,16.141,6,0.133,-0.285,-0.302
E01004533,1347,27.038,3,0.184,0.05,0.486
E01004534,1863,13.523,7,0.056,-0.709,1.128
E01004535,1774,37.698,2,0.276,0.731,0.471
E01004536,2525,23.52,4,0.14,0.115,0.01
E01004537,1854,33.441,2,0.234,0.372,0.824
E01004538,2099,25.102,4,0.189,-0.205,0.313
E01004539,2033,34.145,2,0.254,0.264,0.577
E01004540,2091,26.388,4,0.179,0.072,0.642
E01004541,1706,38.578,2,0.265,0.706,0.951
E01004542,1607,6.98,9,0.048,-0.877,-0.172
E01004543,1659,7.903,9,0.048,-0.833,0.017
E01004544,1483,12.086,7,0.072,-0.516,0.656
E01004545,1689,10.551,8,0.039,-0.891,0.333
E01004546,1524,6.62,9,0.045,-0.596,-0.349
E01004547,1494,20.336,5,0.135,-0.1,0.205
E01004548,2087,17.492,6,0.109,-0.015,0.148
E01004549,1663,19.334,5,0.096,0.519,0.245
E01004550,1536,13.202,7,0.112,-0.125,0.167
E01004551,1860,17.486,6,0.073,-0.322,0.847
E01004552,2164,10.655,8,0.029,-0.824,0.562
E01004553,1812,11.274,8,0.064,-0.411,0.519
E01004554,1756,6.516,9,0.026,-1.153,0.233
E01004555,1747,4.844,10,0.02,-1.457,-0.462
E01004556,1763,4.709,10,0.033,-1.23,-0.629
E01004557,1670,8.329,9,0.056,-0.726,-0.672
E01004558,1862,5.821,10,0.054,-1.358,-0.275
E01004559,1494,7.589,9,0.048,-1.076,-0.166
E01004560,2104,17.433,6,0.077,-0.629,0.938
E01004562,1872,29.861,3,0.215,-0.058,0.182
E01004563,2250,30.537,3,0.164,-0.074,0.512
E01004564,1748,18.491,5,0.108,0.245,0.047
E01004565,1689,19.254,5,0.119,-0.01,0.327
E01004566,1605,11.738,7,0.058,-0.828,0.598
E01004567,2449,31.614,3,0.25,0.43,-0.096
E01004568,1862,23.695,4,0.169,0.123,0.411
E01004569,2401,24.659,4,0.168,0.183,0.62
E01004570,2038,33.572,2,0.25,0.762,0.218
E01004571,1859,24.607,4,0.187,-0.075,0.506
E01004572,1712,22.976,4,0.142,-0.328,1.062
E01004573,1727,27.314,3,0.139,0.028,0.409
E01004574,1873,34.899,2,0.277,0.654,0.057
E01004575,1700,29.395,3,0.212,0.361,0.092
E01004576,1618,26.61,3,0.179,0.246,-0.035
E01004577,2006,14.287,6,0.08,-0.233,0.215
E01004579,1597,18.872,5,0.114,-0.275,0.417
E01004580,2098,18.717,5,0.106,0.322,0.558
E01004581,1822,15.428,6,0.116,-0.482,-0.319
E01004582,2195,9.047,8,0.063,-1.806,-0.709
E01004583,1921,12.262,7,0.087,-0.33,0.097
E01004584,1778,32.114,3,0.273,0.306,-0.467
E01004585,2043,10.139,8,0.049,-0.195,0.089
E01004586,2089,10.15,8,0.054,-0.651,-0.157
E01004587,1925,8.468,9,0.04,-0.704,-0.134
E01004588,2016,12.896,7,0.036,-0.48,0.775
E01004589,1902,7.633,9,0.028,-0.868,-0.149
E01004590,1859,25.382,4,0.176,-0.029,0.412
E01004591,1952,18.629,5,0.125,-0.024,0.266
E01004592,1724,25.647,4,0.171,0.176,0.328
E01004593,1783,8.54,9,0.07,-0.715,-0.207
E01004594,1515,5.248,10,0.028,-1.196,-0.364
E01004595,1723,8.241,9,0.05,-0.819,-0.093
E01004596,1600,6.139,9,0.029,-0.87,-0.494
E01004597,1772,11.97,7,0.092,-0.372,-0.16
E01004598,1764,8.252,9,0.043,-0.497,0.027
E01004599,1545,3.568,10,0.03,-1.103,-1.037
E01004600,2417,27.898,3,0.215,-0.181,0.231
E01004601,2283,19.4,5,0.125,-0.248,0.899
E01004602,1673,9.577,8,0.03,-0.92,0.358
E01004604,1651,7.81,9,0.015,-1.4,0.209
E01004605,1799,12.649,7,0.099,-0.824,-0.283
E01004606,1707,6.039,9,0.019,-0.984,-0.607
E01004607,1775,6.918,9,0.028,-1.622,-0.035
E01004608,1661,15.701,6,0.098,-0.261,0.68
E01004609,2029,11.246,8,0.029,-0.655,0.403
E01004610,1945,19.919,5,0.102,-0.481,1.234
E01004611,1574,15.858,6,0.092,-0.476,0.39
E01004612,1653,21.038,5,0.158,-0.182,0.385
E01004613,1549,32.542,3,0.221,-0.046,1.054
E01004614,2160,17.52,6,0.127,-0.051,-0.613
E01004615,1835,37.117,2,0.254,0.664,0.732
E01004616,2174,16.16,6,0.096,-0.357,0.384
E01004617,1951,22.718,4,0.146,0.548,0.134
E01004618,1507,13.315,7,0.051,-1.002,1.473
E01004619,1404,13.597,7,0.041,-1.168,1.176
E01004620,1733,13.595,7,0.074,-0.345,-0.041
E01004621,1662,16.179,6,0.086,-0.809,0.555
E01004622,1523,21.096,5,0.105,-0.289,0.263
E01004623,1791,8.842,8,0.069,-0.602,-0.151
E01004624,1548,19.498,5,0.11,-0.165,0.794
E01004625,1417,7.552,9,0.014,-1.487,0.355
E01004626,1877,14.008,7,0.055,0.271,0.341
E01004627,1656,10.143,8,0.067,-1.019,-0.422
E01004628,2333,23.386,4,0.119,1.082,-0.747
E01004629,1636,8.717,8,0.058,-1.235,0.059
E01004630,1761,29.906,3,0.234,0.212,0.212
E01004631,1539,20.805,5,0.153,0.217,0.166
E01004632,1494,8.395,9,0.079,-0.989,-0.434
E01004633,1560,26.263,4,0.249,-0.141,-0.442
E01004634,1531,12.856,7,0.1,-0.561,-0.212
E01004635,1658,13.215,7,0.094,-0.872,-0.251
E01004636,1547,15.699,6,0.129,-0.341,-0.262
E01004637,1443,14.919,6,0.13,-0.549,-0.864
E01004638,1463,6.727,9,0.035,-1.54,0.008
E01004639,1677,10.4,8,0.059,-0.803,-0.408
E01004640,1717,5.165,10,0.033,-1.443,-0.798
E01004641,1878,19.668,5,0.124,-0.34,-0.183
E01004642,2170,22.167,4,0.117,-0.043,0.445
E01004643,2072,21.764,4,0.18,-0.009,-0.228
E01004644,2317,18.179,5,0.117,-0.119,0.225
E01004645,2206,28.701,3,0.214,0.717,0.051
E01004646,1871,14.374,6,0.061,-2.011,0.695
E01004647,1729,16.324,6,0.108,-1.461,0.14
E01004648,2674,10.456,8,0.076,-1.842,0.043
E01004649,1950,6.385,9,0.045,-2.464,-0.379
E01004650,2376,5.964,9,0.038,-2.313,-0.453
E01004651,2344,9.221,8,0.05,-1.599,-1.11
E01004652,1932,15.871,6,0.101,-0.452,0.706
E01004653,1956,10.84,8,0.058,-1.358,0.354
E01004654,2640,12.798,7,0.072,-1.16,0.431
E01004656,2253,23.605,4,0.137,-0.423,0.747
E01004657,1612,11.499,7,0.025,-1.909,0.729
E01004658,1446,15.648,6,0.073,-0.511,0.728
E01004659,2113,7.589,9,0.053,-1.561,-0.929
E01004660,2144,8.583,9,0.035,-2.16,0.125
E01004661,2013,20.233,5,0.126,-0.695,-0.018
E01004662,1953,12.001,7,0.043,-1.892,-0.374
E01004663,1678,17.986,5,0.092,-1.221,1.208
E01004665,1685,36.498,2,0.286,0.247,-0.306
E01004666,1077,26.096,4,0.197,-0.141,0.276
E01004667,1747,30.083,3,0.179,0.009,0.239
E01004668,1515,18.423,5,0.14,-0.563,-0.006
E01004669,1753,30.923,3,0.263,0.163,0.026
E01004670,2898,48.003,1,0.385,0.442,-0.277
E01004674,2256,34.303,2,0.283,-0.058,0.633
E01004675,2466,33.045,3,0.267,0.257,0.583
E01004676,1759,21.229,5,0.164,-0.249,0.273
E01004677,1919,22.942,4,0.183,-0.026,-0.03
E01004678,2166,24.677,4,0.182,0.019,0.451
E01004679,2361,32.133,3,0.252,-0.059,0.529
E01004680,1407,11.027,8,0.025,-1.959,0.857
E01004681,2198,12.054,7,0.07,-0.894,-1.158
E01004682,1587,14.246,6,0.051,-0.846,0.521
E01004683,1520,8.566,9,0.024,-2.064,0.586
E01004684,1590,21.313,5,0.108,-1.082,1.282
E01004686,1306,23.844,4,0.116,-0.671,1.141
E01004687,1703,6.967,9,0.009,-2.576,0.217
E01004688,2404,5.319,10,0.006,-2.34,-0.855
E01004689,1444,15.963,6,0.009,-2.528,1.982
E01004690,1700,5.445,10,0.013,-2.762,-1.274
E01004691,1633,10.967,8,0.013,-2.792,-0.196
E01004692,1549,6.602,9,0.008,-2.321,-0.649
E01004693,1568,12.614,7,0.034,-1.795,1.046
E01004694,2037,8.45,9,0.026,-2.124,0.098
E01004695,1409,12.739,7,0.058,-0.78,0.843
E01004696,1618,32.394,3,0.253,0.36,0.156
E01004697,1706,16.233,6,0.08,-1.073,0.747
E01004698,1684,19.958,5,0.078,-0.591,1.465
E01004699,2374,14.726,6,0.053,-1.514,0.932
E01004700,2005,11.301,7,0.048,-1.775,0.181
E01004701,1722,9.41,8,0.063,-1.166,-0.696
E01004702,2783,42.113,2,0.315,0.27,0.592
E01004703,2425,10.512,8,0.059,-2.141,0.597
E01004705,1603,5.344,10,0.028,-1.708,-0.126
E01004706,1669,7.391,9,0.042,-0.935,0.631
E01004707,2091,3.915,10,0.025,-2.2,-0.276
E01004708,1716,22.865,4,0.148,-0.3,0.441
E01004709,1773,20.127,5,0.175,-0.601,-0.13
E01004710,1715,31.131,3,0.243,-0.194,0.898
E01004711,1965,24.274,4,0.206,-0.154,-0.151
E01004712,1959,11.061,8,0.057,-1.963,-0.109
E01004713,1973,7.513,9,0.011,-2.398,-0.531
E01004714,2199,10.268,8,0.035,-2.169,-0.229
E01004715,2292,15.84,6,0.111,-0.536,-0.651
E01004716,1692,7.362,9,0.012,-2.723,-0.649
E01004717,1779,12.041,7,0.038,-1.733,-0.363
E01004718,2173,29.795,3,0.206,0.16,0.475
E01004719,2042,28.56,3,0.216,-0.074,0.234
E01004720,2159,32.043,3,0.23,-0.051,0.616
E01004721,2131,38.504,2,0.288,0.465,0.728
E01004722,2524,35.96,2,0.313,-0.066,0.115
E01004723,2475,29.307,3,0.244,-0.051,0.248
E01004724,1997,10.86,8,0.076,-1.645,-0.642
E01004725,1582,27.158,3,0.21,-0.585,0.631
E01004726,1904,9.4,8,0.047,-2.03,-0.227
E01004727,2351,10.116,8,0.022,-2.887,0.207
E01004728,1666,14.858,6,0.122,-0.614,0.029
E01004729,1778,25.605,4,0.223,0.049,-0.745
E01004730,1908,6.582,9,0.047,-2.469,-0.492
E01004731,2043,10.008,8,0.054,-1.985,-1.359
E01004732,1727,43.66,2,0.283,1.161,-0.833
E01004733,2605,18.171,5,0.1,-1.141,-0.702
E01004734,1662,30.2,3,0.172,-0.136,1.262
E01004735,1192,35.28,2,0.216,0.647,-0.334
E01004736,1655,9.719,8,0.006,-2.151,0.01
E01004737,1416,20.233,5,0.144,-0.507,-0.131
E01004738,1700,9.473,8,0.044,-1.338,-0.176
E01004739,1342,9.446,8,0.057,-1.086,-1.2
E01004740,1636,33.582,2,0.253,0.428,0.897
E01004741,1411,20.616,5,0.15,-0.289,0.39
E01004742,1491,11.205,8,0.085,-1.022,-0.395
E01004743,1587,20.842,5,0.176,-0.298,-0.895
E01004744,1456,25.478,4,0.187,0.32,-0.941
E01004745,2420,16.175,6,0.096,-1.242,-1.218
E01004746,1559,27.661,3,0.198,-0.165,-0.328
E01004747,2505,22.157,4,0.167,0.073,-0.031
E01004748,1749,8.835,8,0.044,-1.44,-0.284
E01004749,3016,13.225,7,0.087,-1.128,-0.15
E01004750,1622,18.907,5,0.179,-0.318,-0.523
E01004751,1879,10.367,8,0.064,-1.395,0.391
E01004752,1768,22.513,4,0.158,0.224,-0.18
E01004753,1801,16.395,6,0.126,-0.665,-0.25
E01004754,1814,45.911,1,0.331,0.891,0.716
E01004755,2504,28.633,3,0.237,0.151,0.112
E01004756,1829,22.8,4,0.168,0.269,-0.01
E01004757,1694,40.501,2,0.321,0.241,0.358
E01004760,1703,24.998,4,0.193,-0.173,0.875
E01004761,1978,8.467,9,0.03,-2.131,-0.518
E01004762,2459,10.467,8,0.044,-2.012,0.117
E01004763,2505,23.381,4,0.069,-0.022,0.763
E01004765,2249,18.728,5,0.112,-0.564,0.095
E01032512,2753,43.654,2,0.323,0.427,0.568
E01032513,1371,35.818,2,0.285,0.155,0.485
E01032562,1636,32.456,3,0.238,-0.26,0.401
E01032563,1499,8.916,8,0.042,-0.83,0.659
E01032564,1327,40.061,2,0.275,0.501,0.478
E01032565,1548,37.246,2,0.222,0.442,0.361
E01032566,1864,25.162,4,0.167,-0.398,0.748
E01032567,1636,18.752,5,0.107,-0.11,0.328
E01032568,1577,25.535,4,0.186,-0.245,0.375
E01032569,1777,45.186,1,0.281,0.525,0.641
E01032570,1637,12.512,7,0.116,-1.106,-0.542
E01032572,1507,16.309,6,0.102,-0.255,0.803
E01032573,1625,11.533,7,0.063,-0.954,0.303
E01032574,2213,31.481,3,0.179,-0.038,0.706
E01032575,2007,37.628,2,0.253,0.098,1.011
E01032576,1642,7.437,9,0.069,-1.371,-0.612
E01032577,1778,10.313,8,0.072,-0.753,-0.026
E01032579,1602,36.046,2,0.218,0.546,1.195
E01032580,1394,34.123,2,0.191,0.527,0.892
E01032581,2004,27.56,3,0.189,-0.394,0.833
E01032582,2038,29.583,3,0.155,0.496,0.027
E01032583,1538,30.177,3,0.195,0.528,-0.183
E01032584,1292,28.127,3,0.163,0.493,0.305
E01032623,1832,2.751,10,0.031,-1.742,-1.177
E01032637,1474,10.025,8,0.008,-0.28,-0.951
E01032638,1362,5.629,10,0.021,-0.753,-1.019
E01032639,2102,22.737,4,0.09,0.222,0.462
E01032640,1506,9.755,8,0.013,-0.875,-0.637
E01032646,1709,13.999,7,0.071,-0.094,-0.017
E01032719,1611,26.037,4,0.152,-0.062,0.296
E01032720,1249,49.164,1,0.28,0.941,1.77
E01032722,2065,36.878,2,0.188,0.459,1.517
E01032739,802,13.584,7,0.014,-0.676,-1.56
E01032740,962,15.841,6,0.024,-0.355,-1.701
E01032741,1306,18.737,5,0.083,-0.516,0.962
E01032742,1429,18.479,5,0.127,-0.261,0.597
E01032743,2384,27.393,3,0.189,-0.184,0.125
E01032744,1532,33.801,2,0.202,0.677,1.055
E01032764,2066,22.225,4,0.122,0.294,0.817
E01032765,1801,28.215,3,0.209,0.388,0.091
E01032766,1534,19.785,5,0.127,-0.241,0.32
E01032767,2341,11.859,7,0.05,-0.335,-0.771
E01032768,1586,12.944,7,0.025,-0.382,0.542
E01032769,1450,17.995,5,0.108,-0.246,1.053
E01032770,1420,16.648,6,0.133,0.118,0.041
E01032771,1542,13.182,7,0.109,-0.575,-2.249
E01032772,1644,23.845,4,0.161,0.456,0.397
E01032773,3102,14.374,6,0.112,-0.543,-1.071
E01032774,1466,30.236,3,0.189,0.738,-0.021
E01032775,1214,9.375,8,0.046,-0.206,-0.965
E01032776,1602,9.775,8,0.029,-0.505,-0.232
E01032777,1586,18.527,5,0.121,0.035,-0.704
E01032778,1135,17.421,6,0.057,-0.289,0.395
E01032779,1614,17.288,6,0.085,-0.284,-0.926
E01032780,1675,16.174,6,0.068,-0.375,-0.142
E01032781,1785,12.666,7,0.103,-0.206,-0.594
E01032782,2436,19.565,5,0.099,-0.173,-0.553
E01032783,1498,17.654,5,0.148,0.042,-0.035
E01032784,1790,22.78,4,0.129,0.815,0.627
E01032785,2153,20.779,5,0.156,-0.231,-0.474
E01032786,1589,26.705,3,0.198,0.264,0.152
E01032787,2482,34.191,2,0.264,0.01,0.931
E01032788,1177,26.761,3,0.193,0.486,0.787
E01032789,1489,17.108,6,0.087,-0.516,-0.576
E01032790,1362,17.986,5,0.123,-0.065,-0.532
E01032803,1314,16.067,6,0.087,0.341,-0.077
E01032805,2645,37.664,2,0.25,0.307,0.924
E01032834,1198,9.09,8,0.011,-0.721,-0.522
E01033000,1687,36.05,2,0.239,0.449,0.4
E01033030,2016,18.378,5,0.077,0.033,-0.11
E01033081,1396,24.31,4,0.168,0.247,0.725
E01033082,1218,25.28,4,0.156,0.041,0.767
E01033083,1971,19.67,5,0.055,-0.53,0.869
E01033084,2193,26.359,4,0.118,-0.634,1.29
E01033085,1933,28.414,3,0.146,0.129,0.23
E01033086,1206,41.863,2,0.291,0.783,0.532
E01033093,2265,12.511,7,0.07,-1.109,0.166
E01033098,1408,17.461,6,0.011,-1.374,-1.006
E01033099,1365,21.195,5,0.139,-0.481,0.373
E01033100,1310,27.088,3,0.176,0.14,0.451
E01033101,1792,8.267,9,0.058,-1.262,-0.237
E01033132,1157,29.475,3,0.119,0.11,0.419
E01033133,1323,12.781,7,0.073,-0.751,-0.284
E01033135,1055,5.652,10,0.02,-0.808,-0.302
E01033146,1751,37.571,2,0.256,-0.062,0.111
E01033148,1971,35.962,2,0.27,-0.643,0.113
E01033150,1938,26.753,3,0.213,-0.6,-0.169
E01033151,1562,39.664,2,0.282,-0.149,0.224
E01033153,3019,38.058,2,0.297,0.05,0.042
E01033207,1685,38.088,2,0.22,1.01,0.767
E01033208,2057,18.819,5,0.086,-0.848,0.085
E01033320,1731,21.872,4,0.125,-0.143,0.133
E01033322,1413,22.616,4,0.119,0.001,-0.25
E01033324,1645,32.623,3,0.198,0.259,0.893
E01033325,1481,19.826,5,0.045,-0.139,-0.575
E01033327,1661,33.686,2,0.139,0.424,1.67
E01033341,1238,31.554,3,0.182,0.214,0.986
E01033424,2486,23.051,4,0.107,-0.582,0.829
E01033455,1347,42.066,2,0.238,0.031,1.312
E01033456,2365,52.88,1,0.336,0.48,0.832
E01033457,1729,20.23,5,0.088,-0.753,1.169
E01033463,2874,13.579,7,0.098,-1.208,-0.415
E01033464,2889,29.746,3,0.189,-0.256,0.176
E01033485,2189,33.913,2,0.182,-0.511,1.024
E01033486,987,37.609,2,0.253,0.736,1.026
E01033487,1349,10.732,8,0.057,-0.228,-1.17
E01033488,1363,32.982,3,0.23,0.53,1.014
E01033489,1918,12.468,7,0.04,-0.576,-0.296
E01033490,1849,19.576,5,0.091,-0.276,-0.435
E01033491,2132,29.14,3,0.161,0.028,1.043
E01033492,1892,30.044,3,0.177,0.049,0.832
E01033493,1665,11.735,7,0.026,0.001,-1.36
E01033494,1430,16.599,6,0.106,-0.285,0.319
E01033568,2787,13.113,7,0.066,-1.422,-0.22
E01033569,1727,9.148,8,0.073,-1.147,-0.364
E01033570,1750,15.262,6,0.088,-1.402,0.229
E01033571,1539,13.495,7,0.091,-0.848,0.369
E01033572,2292,22.191,4,0.17,-0.774,0.302
E01033573,2389,17.932,5,0.082,-1.672,-0.434
E01033574,1506,17.02,6,0.018,-0.02,-0.1
E01033575,1232,20.08,5,0.022,0.242,0.147
E01033576,1836,24.456,4,0.1,-0.093,1.026
E01033577,1594,18.966,5,0.116,-0.346,-0.173
E01033578,3467,27.216,3,0.093,0.133,0.195
E01033579,1546,21.114,5,0.054,-0.067,0.334
E01033580,1785,8.919,8,0.03,-0.364,-0.39
E01033581,1848,34.941,2,0.195,0.5,0.99
E01033582,1598,14.606,6,0.039,-0.641,0.076
E01033583,9551,27.315,3,0.127,-0.291,1.629
E01033584,1624,41.55,2,0.278,0.554,1.097
E01033585,2533,41.668,2,0.255,0.366,1.13
E01033586,1754,34.463,2,0.201,0.126,0.343
E01033587,2086,35.019,2,0.2,-0.149,0.669
E01033588,1761,35.248,2,0.219,0.505,0.316
E01033589,2129,15.334,6,0.061,-0.996,0.332
E01033590,1540,16.588,6,0.131,-0.365,-0.164
E01033591,2057,30.489,3,0.201,-0.12,0.762
E01033592,1914,17.13,6,0.14,-0.935,0.036
E01033593,1508,26.944,3,0.115,-0.654,0.554
E01033594,1137,29.28,3,0.211,-0.021,0.196
E01033595,1312,17.629,6,0.078,-1.07,0.096
E01033596,1324,25.663,4,0.143,-0.195,0.869
E01033597,1106,26.867,3,0.163,0.107,-0.392
E01033598,1365,52.17,1,0.397,0.707,0.149
E01033599,1751,30.568,3,0.251,-0.231,-0.268
E01033600,1365,10.911,8,0.073,-0.819,0.161
E01033601,1664,32.17,3,0.234,0.066,0.864
E01033602,1873,40.99,2,0.326,-0.032,0.498
E01033603,1342,38.062,2,0.261,0.591,0.205
E01033604,1346,33.467,2,0.204,-0.227,1.363
E01033605,2186,40.54,2,0.313,0.388,0.705
E01033606,1162,14.013,7,0.077,-0.274,0.136
E01033607,1241,22.192,4,0.125,-0.48,1.095
E01033608,1490,15.129,6,0.097,-1.005,-0.215
E01033698,1164,34.433,2,0.231,0.791,0.162
E01033699,1198,33.618,2,0.144,0.557,1.944
E01033700,2702,30.151,3,0.138,0.477,1.359
E01033701,2221,47.473,1,0.317,0.321,0.852
E01033702,1539,35.791,2,0.268,0.676,0.093
E01033703,1471,34.171,2,0.224,0.482,0.938
E01033704,2018,26.61,3,0.096,0.136,1.251
E01033705,1827,31.723,3,0.199,0.43,0.258
E01033706,1840,32.488,3,0.071,0.799,1.818
E01033707,1408,32.543,3,0.166,0.516,1.346
E01033708,1826,20.118,5,0.037,0.136,0.421
E01033709,1788,33.721,2,0.156,0.318,1.063
E01033710,1709,24.65,4,0.151,-0.148,-0.293
E01033711,2225,22.212,4,0.049,-0.173,0.055
E01033712,1755,33.44,2,0.173,0.455,1.199
E01033713,1445,34.988,2,0.167,0.628,1.334
E01033724,6606,10.113,8,0.05,-0.61,-0.24
E01033725,2676,21.577,4,0.1,-0.034,0.563
E01033726,3274,33.551,2,0.218,0.092,0.965
E01033727,2890,19.531,5,0.153,-0.227,0.247
E01033728,1790,9.263,8,0.057,-0.655,-0.063
E01033729,2830,25.081,4,0.154,0.427,-0.302
E01033730,2219,17.399,6,0.11,-0.358,0.344
E01033731,2409,11.694,7,0.036,-1.29,0.75
E01033732,1121,25.75,4,0.15,0.302,1.114
E01033733,1561,14.648,6,0.083,-0.512,0.544
E01033734,1961,15.647,6,0.089,-0.21,-0.769
E01033735,1217,27.791,3,0.144,0.39,1.174
E01033736,961,10.5,8,0.016,-0.319,0.62
E01033737,1476,33.761,2,0.231,0.601,0.885
E01033738,1469,22.299,4,0.113,-0.39,0.977
E01033739,1880,19.084,5,0.138,-0.227,-0.15
E01033740,1770,20.316,5,0.153,-0.294,0.615
E01033741,1945,19.599,5,0.124,0.392,0.101
E01033742,1701,13.105,7,0.078,-0.394,-0.19
E01033743,2426,20.968,5,0.133,-0.196,0.214
E01033744,1900,29.363,3,0.184,0.879,0.365
E01033745,1954,22.101,4,0.154,-0.201,-0.276
E01033746,1394,21.824,4,0.145,-0.406,0.679
